ticker,history_length,horizon,model,observations,mean_price_mae,mean_return_abs_error
AAPL,30,1,ARIMA,50,1.1054228236585832,0.01408070129499262
AAPL,30,1,Naive,50,1.1057069778442357,0.014168285702153999
AAPL,30,1,XGBoost,48,1.319727782047925,0.014880192465350474
AAPL,30,5,ARIMA,50,3.2960317845423766,0.03262719173923651
AAPL,30,5,Naive,50,3.305162563323974,0.032904897478495815
AAPL,30,5,XGBoost,48,4.292437376788573,0.037671906610192964
AAPL,30,10,ARIMA,50,3.9803892959612814,0.04398394362320758
AAPL,30,10,Naive,50,3.984772214889528,0.04378387927308606
AAPL,30,10,XGBoost,48,6.229014698012162,0.05989587276581581
AAPL,30,20,ARIMA,50,5.7963427155240455,0.06930278191723303
AAPL,30,20,Naive,50,5.798254861831667,0.06907136201203949
AAPL,30,20,XGBoost,48,7.575811002603554,0.0867008578654288
AAPL,60,1,ARIMA,50,1.570719852182286,0.014081432492127462
AAPL,60,1,Naive,50,1.5661441421508773,0.014107650110207428
AAPL,60,1,XGBoost,48,1.7275349242368725,0.01672650638941332
AAPL,60,5,ARIMA,50,3.210962995767076,0.033809517895815294
AAPL,60,5,Naive,50,3.1996642112731943,0.03368660651501155
AAPL,60,5,XGBoost,48,4.479976632426929,0.04554810849264354
AAPL,60,10,ARIMA,50,4.533751191335406,0.05028642629232765
AAPL,60,10,Naive,50,4.528725862503051,0.050241968368749716
AAPL,60,10,XGBoost,48,5.6923281238073455,0.05934177479033642
AAPL,60,20,ARIMA,50,6.544706861497539,0.07309973969366176
AAPL,60,20,Naive,50,6.554634771347042,0.073092908129965
AAPL,60,20,XGBoost,48,8.55438097473038,0.08712797411032693
AAPL,90,1,ARIMA,50,1.168275311780365,0.012767137812292188
AAPL,90,1,Naive,50,1.1691895866394049,0.012832463494819773
AAPL,90,1,XGBoost,49,1.2293929758091517,0.013231200224065483
AAPL,90,5,ARIMA,50,2.6236041817194407,0.028701701323737908
AAPL,90,5,Naive,50,2.6295098304748534,0.0287629071541941
AAPL,90,5,XGBoost,49,3.667762924678056,0.03659116085591725
AAPL,90,10,ARIMA,50,3.1934659043456795,0.04364755268068309
AAPL,90,10,Naive,50,3.2021002674102768,0.043706176443328325
AAPL,90,10,XGBoost,49,3.426098477219424,0.04442163203587715
AAPL,90,20,ARIMA,50,5.119037392315941,0.055144443153505064
AAPL,90,20,Naive,50,5.112953472137452,0.0550771998608485
AAPL,90,20,XGBoost,48,6.805885626027693,0.07670506438026009
AAPL,180,1,ARIMA,50,1.0135850362724659,0.009395768175534497
AAPL,180,1,Naive,50,1.011396312713621,0.009276256155903646
AAPL,180,1,XGBoost,50,1.2398636106955911,0.012490199761964915
AAPL,180,5,ARIMA,50,2.6285155907342475,0.028042621907336987
AAPL,180,5,Naive,50,2.635237731933594,0.028043370277588315
AAPL,180,5,XGBoost,50,3.2326062914859364,0.03468025191558605
AAPL,180,10,ARIMA,50,3.1614122121070487,0.039860615641916376
AAPL,180,10,Naive,50,3.151639308929443,0.03979330946062012
AAPL,180,10,XGBoost,50,4.1699396240125886,0.05141874934046429
AAPL,180,20,ARIMA,50,6.158073519346768,0.07012945433237217
AAPL,180,20,Naive,50,6.150453720092775,0.0700893973842372
AAPL,180,20,XGBoost,50,7.2855961944553975,0.08398075454247449
AMZN,30,1,ARIMA,50,1.18136212089067,0.014093246759496891
AMZN,30,1,Naive,50,1.165680856704711,0.01405645710263418
AMZN,30,1,XGBoost,48,1.379617677703063,0.017045651539250174
AMZN,30,5,ARIMA,50,3.2225828244763135,0.034128168063632176
AMZN,30,5,Naive,50,3.2138111877441404,0.03388890149470287
AMZN,30,5,XGBoost,48,3.8415338911804913,0.04201340148364341
AMZN,30,10,ARIMA,50,4.793545819735729,0.05327551648848552
AMZN,30,10,Naive,50,4.777430944442749,0.05307987401668769
AMZN,30,10,XGBoost,48,5.482098016016949,0.05665974082320354
AMZN,30,20,ARIMA,50,6.135144696001548,0.07162861449157083
AMZN,30,20,Naive,50,6.164161157608032,0.07168606847763552
AMZN,30,20,XGBoost,48,8.286117547438174,0.0868371058838839
AMZN,60,1,ARIMA,50,2.092348148867121,0.019963044412795086
AMZN,60,1,Naive,50,2.0807808399200423,0.01985508476354037
AMZN,60,1,XGBoost,48,2.535433635020461,0.024497373337602758
AMZN,60,5,ARIMA,50,3.94316488934226,0.03868154391288244
AMZN,60,5,Naive,50,3.9484502983093273,0.038796151522659965
AMZN,60,5,XGBoost,48,4.588897923346722,0.04341919710342795
AMZN,60,10,ARIMA,50,4.913398537716836,0.04866469714766387
AMZN,60,10,Naive,50,4.889210128784182,0.04856587482343486
AMZN,60,10,XGBoost,48,6.0669636112024286,0.0594892248050228
AMZN,60,20,ARIMA,50,6.692069239439945,0.06895350949042993
AMZN,60,20,Naive,50,6.699930038452149,0.06890420366470647
AMZN,60,20,XGBoost,48,7.98445171044393,0.08099758928565147
AMZN,90,1,ARIMA,50,1.0960421541572594,0.01136968575413608
AMZN,90,1,Naive,50,1.097979211807252,0.01143788736910942
AMZN,90,1,XGBoost,49,1.1963370756396612,0.013014569867678098
AMZN,90,5,ARIMA,50,2.939332416022365,0.030626394494075098
AMZN,90,5,Naive,50,2.950099763870239,0.0307588499758808
AMZN,90,5,XGBoost,49,3.1783460641754573,0.030621334429667663
AMZN,90,10,ARIMA,50,3.9072397214015244,0.0457352440567913
AMZN,90,10,Naive,50,3.886740684509277,0.045580193057848044
AMZN,90,10,XGBoost,49,4.422275449513644,0.04924898135098117
AMZN,90,20,ARIMA,50,5.31265569117399,0.05435331953824596
AMZN,90,20,Naive,50,5.319409475326538,0.054361208041015366
AMZN,90,20,XGBoost,48,8.02692867803261,0.0759740413698427
AMZN,180,1,ARIMA,50,1.4073264298452164,0.01272319333007007
AMZN,180,1,Naive,50,1.3995096874237074,0.012781169109404496
AMZN,180,1,XGBoost,50,1.6178951405310198,0.015102460047503033
AMZN,180,5,ARIMA,50,3.6885203306012566,0.03654386831967946
AMZN,180,5,Naive,50,3.681440057754518,0.03647092313470957
AMZN,180,5,XGBoost,50,4.177095356475635,0.042747074837265454
AMZN,180,10,ARIMA,50,4.366843134084973,0.04739850804319138
AMZN,180,10,Naive,50,4.314390630722045,0.04700341299933924
AMZN,180,10,XGBoost,50,5.737922241843036,0.06003289936295775
AMZN,180,20,ARIMA,50,6.955408840881616,0.07003605707788217
AMZN,180,20,Naive,50,6.938080244064329,0.06980189834466152
AMZN,180,20,XGBoost,50,8.507713269835183,0.08856301503274451
CVNA,30,1,ARIMA,50,0.810217008802313,0.04184396415659916
CVNA,30,1,Naive,50,0.7962804150581355,0.040335506963755756
CVNA,30,1,XGBoost,47,1.1292532989933073,0.057102070412410666
CVNA,30,5,ARIMA,50,1.6866898676390267,0.07840444448798488
CVNA,30,5,Naive,50,1.6874399518966672,0.0784439323658839
CVNA,30,5,XGBoost,47,2.022937716451698,0.09918477580290329
CVNA,30,10,ARIMA,50,2.889706386561947,0.14618560496605826
CVNA,30,10,Naive,50,2.8782399892807002,0.145377568214943
CVNA,30,10,XGBoost,47,3.8390412234620825,0.1693985974791047
CVNA,30,20,ARIMA,50,4.8988660112506714,0.2411803633766968
CVNA,30,20,Naive,50,4.890879995822907,0.24120823068783132
CVNA,30,20,XGBoost,46,6.816806192265508,0.3152210419964348
CVNA,60,1,ARIMA,50,0.7534660775937896,0.040792211008952375
CVNA,60,1,Naive,50,0.74556010723114,0.040855050265467555
CVNA,60,1,XGBoost,47,0.8339518725449806,0.04374161524923697
CVNA,60,5,ARIMA,50,2.1961939029503195,0.09235584847521781
CVNA,60,5,Naive,50,2.1820001077651976,0.09261775306808918
CVNA,60,5,XGBoost,47,2.3470447158388126,0.10588747273894604
CVNA,60,10,ARIMA,50,3.1338060272980446,0.1355841261423635
CVNA,60,10,Naive,50,3.1252399528026586,0.13610493284466024
CVNA,60,10,XGBoost,47,3.9136664496274376,0.16258774551619387
CVNA,60,20,ARIMA,50,5.746924268767765,0.21835524804801948
CVNA,60,20,Naive,50,5.735480304956436,0.21851899266294075
CVNA,60,20,XGBoost,47,7.5420339316040845,0.30876390381006746
CVNA,90,1,ARIMA,50,0.853424376298795,0.03912829487230514
CVNA,90,1,Naive,50,0.847760148048401,0.03868704561922894
CVNA,90,1,XGBoost,48,1.0948597346052755,0.05096603640237998
CVNA,90,5,ARIMA,50,1.6101588529057873,0.08639026001306388
CVNA,90,5,Naive,50,1.6044398474693302,0.08535353701501865
CVNA,90,5,XGBoost,48,2.1398772342897807,0.10818841856405048
CVNA,90,10,ARIMA,50,2.5152801702086354,0.1419840775575899
CVNA,90,10,Naive,50,2.5145598495006563,0.14141703885582207
CVNA,90,10,XGBoost,48,3.8223971919380766,0.18584445905899385
CVNA,90,20,ARIMA,50,4.964298989108715,0.22819312024404023
CVNA,90,20,Naive,50,4.973159490823746,0.22798115867851276
CVNA,90,20,XGBoost,48,6.950623169931863,0.31694166680033403
CVNA,180,1,ARIMA,50,1.2382558661493284,0.05045151029211944
CVNA,180,1,Naive,50,1.2342000126838686,0.05020354595543859
CVNA,180,1,XGBoost,50,1.5169264960371533,0.059513027175976896
CVNA,180,5,ARIMA,50,2.246106264516631,0.10027449195095808
CVNA,180,5,Naive,50,2.237679728269577,0.09969495578301306
CVNA,180,5,XGBoost,50,3.008353624279587,0.13517557223339516
CVNA,180,10,ARIMA,50,2.946546435386598,0.13573556864876773
CVNA,180,10,Naive,50,2.945600109100342,0.13562817516671857
CVNA,180,10,XGBoost,50,4.221416581684347,0.18255909441346932
CVNA,180,20,ARIMA,50,4.810682391481786,0.21694813115226855
CVNA,180,20,Naive,50,4.8114799094200125,0.2169837783971676
CVNA,180,20,XGBoost,50,5.824719432415398,0.29257712373401956
ENPH,30,1,ARIMA,50,1.8591887289581017,0.03944507511184031
ENPH,30,1,Naive,50,1.8527997374534624,0.03936647824133022
ENPH,30,1,XGBoost,48,2.122581040886273,0.04307799543719457
ENPH,30,5,ARIMA,50,4.363686336943752,0.08166326342044604
ENPH,30,5,Naive,50,4.354799551963807,0.08146501970231591
ENPH,30,5,XGBoost,48,4.476686597268287,0.09861830625938957
ENPH,30,10,ARIMA,50,5.770539092798368,0.12769537133153186
ENPH,30,10,Naive,50,5.763800272941588,0.1273601105819995
ENPH,30,10,XGBoost,48,5.707601497531171,0.13792539132936976
ENPH,30,20,ARIMA,50,9.279680362285374,0.17588217368890358
ENPH,30,20,Naive,50,9.234400340318679,0.1746124263894769
ENPH,30,20,XGBoost,47,11.333879575501363,0.2173863464121729
ENPH,60,1,ARIMA,50,1.5070265429468817,0.027110943544447083
ENPH,60,1,Naive,50,1.5077995073795336,0.0268176734468628
ENPH,60,1,XGBoost,48,1.4617853914793029,0.026259763244404318
ENPH,60,5,ARIMA,50,4.782771741452163,0.0785947142979186
ENPH,60,5,Naive,50,4.800399714708327,0.07829514757922264
ENPH,60,5,XGBoost,48,7.442935426844467,0.09464660953158321
ENPH,60,10,ARIMA,50,5.792795485962383,0.10760286256098427
ENPH,60,10,Naive,50,5.7862001001834855,0.1069701254967478
ENPH,60,10,XGBoost,48,8.219557575066846,0.13756366431883274
ENPH,60,20,ARIMA,50,8.927461861408993,0.15654394939554675
ENPH,60,20,Naive,50,8.924999868869781,0.15552239346694705
ENPH,60,20,XGBoost,48,14.99555732501409,0.23261978527625524
ENPH,90,1,ARIMA,50,2.0346894643480167,0.04333732474764293
ENPH,90,1,Naive,50,2.025599775314331,0.043041075534014935
ENPH,90,1,XGBoost,49,1.9897008877187317,0.039572281294919756
ENPH,90,5,ARIMA,50,4.571067105680665,0.0906202511970025
ENPH,90,5,Naive,50,4.548799755573273,0.09017737929606788
ENPH,90,5,XGBoost,48,4.726718939749489,0.09482567626676736
ENPH,90,10,ARIMA,50,4.773286888504327,0.10810367501374632
ENPH,90,10,Naive,50,4.762599416971208,0.10817507057432028
ENPH,90,10,XGBoost,48,6.4104647808558335,0.11505041315112448
ENPH,90,20,ARIMA,50,8.852702951465725,0.1709433759270825
ENPH,90,20,Naive,50,8.830199496746065,0.17124210109380233
ENPH,90,20,XGBoost,48,10.914020944924438,0.21666098854943897
ENPH,180,1,ARIMA,50,2.1919592906561576,0.03161792193345716
ENPH,180,1,Naive,50,2.1772001218795793,0.03137149899555341
ENPH,180,1,XGBoost,50,2.47745929211517,0.038932003406479045
ENPH,180,5,ARIMA,50,4.181508283378805,0.07504241544703995
ENPH,180,5,Naive,50,4.187800574302674,0.07518056264363895
ENPH,180,5,XGBoost,50,5.395065504957834,0.08693012100935191
ENPH,180,10,ARIMA,50,6.693702333397462,0.10747954173014546
ENPH,180,10,Naive,50,6.680399538278582,0.10740472428817945
ENPH,180,10,XGBoost,50,7.4374670663652385,0.13291516396362776
ENPH,180,20,ARIMA,50,10.564341046831343,0.17915452322603972
ENPH,180,20,Naive,50,10.554000096321106,0.17915577221171605
ENPH,180,20,XGBoost,50,11.95267754027855,0.20752383717035852
IONQ,30,1,ARIMA,50,1.1210153704571209,0.04783223478034744
IONQ,30,1,Naive,50,1.1073999929428102,0.04751082008736418
IONQ,30,1,XGBoost,45,1.4541778882016791,0.06076157791932059
IONQ,30,5,ARIMA,50,2.0849293915583638,0.10464240720452299
IONQ,30,5,Naive,50,2.073199982643127,0.1048606252262362
IONQ,30,5,XGBoost,45,3.1392593303570253,0.15786897266565783
IONQ,30,10,ARIMA,50,3.1794533623716803,0.16673704346306414
IONQ,30,10,Naive,50,3.1747998285293577,0.16753961186347552
IONQ,30,10,XGBoost,45,5.627651731987235,0.2690619308871613
IONQ,30,20,ARIMA,50,4.206850897310154,0.23146665456613685
IONQ,30,20,Naive,50,4.198799891471863,0.2324812405257349
IONQ,30,20,XGBoost,44,8.966383534024498,0.39302088331527985
IONQ,60,1,ARIMA,50,0.7310719065750368,0.0362884740771432
IONQ,60,1,Naive,50,0.7439998960494999,0.03667916931510689
IONQ,60,1,XGBoost,46,1.0329949336654274,0.047165337479968136
IONQ,60,5,ARIMA,50,2.478017898983124,0.1101906966980699
IONQ,60,5,Naive,50,2.4938000249862675,0.11053423838548648
IONQ,60,5,XGBoost,46,3.382885873232187,0.14755395882319353
IONQ,60,10,ARIMA,50,3.5184581611524446,0.1603845009115209
IONQ,60,10,Naive,50,3.5257998371124275,0.16123855995181344
IONQ,60,10,XGBoost,45,6.459301005732555,0.270278535731619
IONQ,60,20,ARIMA,50,4.562422283978386,0.2559808655189578
IONQ,60,20,Naive,50,4.602800235748291,0.2590897603359201
IONQ,60,20,XGBoost,45,11.813404474800594,0.48250627969526766
IONQ,90,1,ARIMA,50,1.0075387753735674,0.04497095021621849
IONQ,90,1,Naive,50,1.0009999608993534,0.044642509825487516
IONQ,90,1,XGBoost,47,1.3205263228200685,0.05402386832148356
IONQ,90,5,ARIMA,50,2.464134324236664,0.11184382573818702
IONQ,90,5,Naive,50,2.479000053405762,0.11284896282148908
IONQ,90,5,XGBoost,47,3.3101950539063023,0.1454838292884765
IONQ,90,10,ARIMA,50,3.520910598552174,0.1485104301123171
IONQ,90,10,Naive,50,3.534000110626221,0.14970738656609317
IONQ,90,10,XGBoost,47,5.912791841452993,0.2255016498144979
IONQ,90,20,ARIMA,50,4.949968626515904,0.22279701203740895
IONQ,90,20,Naive,50,4.955800151824951,0.2236083808198094
IONQ,90,20,XGBoost,46,10.85258876334522,0.40551821098116475
IONQ,180,1,ARIMA,50,0.9623013772006489,0.04285043856598711
IONQ,180,1,Naive,50,0.9626001310348506,0.04304136467931616
IONQ,180,1,XGBoost,50,1.3261434908907814,0.057876838589275705
IONQ,180,5,ARIMA,50,2.4976697949207445,0.11648898120410289
IONQ,180,5,Naive,50,2.502199926376343,0.11706508234437507
IONQ,180,5,XGBoost,50,3.345202047801596,0.1416812312923169
IONQ,180,10,ARIMA,50,3.199072142504325,0.15515213819005783
IONQ,180,10,Naive,50,3.193600044250488,0.15501339739104078
IONQ,180,10,XGBoost,50,4.7593052542225145,0.21554545488922763
IONQ,180,20,ARIMA,50,4.711503406663237,0.24833402891161088
IONQ,180,20,Naive,50,4.722800097465515,0.2488824231210207
IONQ,180,20,XGBoost,50,9.381516375859695,0.38900674768322624
MSFT,30,1,ARIMA,50,2.3359113618767946,0.014741218831827767
MSFT,30,1,Naive,50,2.384216346740723,0.015058008165146068
MSFT,30,1,XGBoost,48,2.8451061833612203,0.016371452375835125
MSFT,30,5,ARIMA,50,3.676178094383922,0.021655006512259923
MSFT,30,5,Naive,50,3.7353300476074214,0.0218239125540089
MSFT,30,5,XGBoost,48,5.606021719684047,0.029003154509147634
MSFT,30,10,ARIMA,50,5.902237427166222,0.03636192686241075
MSFT,30,10,Naive,50,5.946102676391603,0.036623325151462965
MSFT,30,10,XGBoost,48,7.205380426138837,0.044197674570145264
MSFT,30,20,ARIMA,50,6.687091557665712,0.044326352064725114
MSFT,30,20,Naive,50,6.664801788330078,0.044221734789479654
MSFT,30,20,XGBoost,48,8.135222463127182,0.05498684080086776
MSFT,60,1,ARIMA,50,1.8392246855704466,0.010246981423713282
MSFT,60,1,Naive,50,1.8188493728637707,0.01016005975298858
MSFT,60,1,XGBoost,48,2.513010276694221,0.012743475156404586
MSFT,60,5,ARIMA,50,3.592979915356594,0.020516844163899116
MSFT,60,5,Naive,50,3.653377952575685,0.020700403427132297
MSFT,60,5,XGBoost,48,4.841806182359637,0.027175430652858077
MSFT,60,10,ARIMA,50,5.857634014562592,0.032867375921609564
MSFT,60,10,Naive,50,5.844934692382811,0.0328617753050331
MSFT,60,10,XGBoost,48,7.332801629434635,0.04065245709269595
MSFT,60,20,ARIMA,50,8.45200205656496,0.05382446359220257
MSFT,60,20,Naive,50,8.421849212646485,0.053790077971454284
MSFT,60,20,XGBoost,48,10.093232997652494,0.0636011676495409
MSFT,90,1,ARIMA,50,1.5317529267104413,0.009269851925809737
MSFT,90,1,Naive,50,1.5001703643798845,0.009135897893251397
MSFT,90,1,XGBoost,49,1.9921885085183189,0.011425471724805968
MSFT,90,5,ARIMA,50,4.124263211939138,0.025150729757252986
MSFT,90,5,Naive,50,4.11530487060547,0.02505284557630026
MSFT,90,5,XGBoost,49,5.23150400310974,0.03166332052832619
MSFT,90,10,ARIMA,50,5.515330627109807,0.032243363743006126
MSFT,90,10,Naive,50,5.504749755859377,0.03207142490575979
MSFT,90,10,XGBoost,49,5.667792669784982,0.03599302416752881
MSFT,90,20,ARIMA,50,8.125933120092233,0.046657604748773326
MSFT,90,20,Naive,50,8.100277900695799,0.04647384048883199
MSFT,90,20,XGBoost,48,9.432064717369522,0.05421826388950499
MSFT,180,1,ARIMA,50,1.9495498044904482,0.01097187190821661
MSFT,180,1,Naive,50,1.9938269424438517,0.011007582589748979
MSFT,180,1,XGBoost,50,2.2084034383405746,0.012705993845422224
MSFT,180,5,ARIMA,50,4.923933498557313,0.029288518151826082
MSFT,180,5,Naive,50,4.9024856185913075,0.029203267916421097
MSFT,180,5,XGBoost,50,5.368776392143365,0.033780913024675535
MSFT,180,10,ARIMA,50,7.680483611080254,0.03930358820769522
MSFT,180,10,Naive,50,7.716609840393067,0.039306574501314535
MSFT,180,10,XGBoost,50,8.41087942775956,0.0440826366898191
MSFT,180,20,ARIMA,50,10.96669714917005,0.06243004492313223
MSFT,180,20,Naive,50,10.998838577270508,0.06259493835915517
MSFT,180,20,XGBoost,50,10.386079408059892,0.07133218969492625
NVDA,30,1,ARIMA,50,0.5509156143566782,0.021781781796855464
NVDA,30,1,Naive,50,0.5488110667467108,0.02165032476424944
NVDA,30,1,XGBoost,48,0.6956684630164615,0.0213324471916084
NVDA,30,5,ARIMA,50,1.4205034138160364,0.03998848481344358
NVDA,30,5,Naive,50,1.4203504514694212,0.03991711253278532
NVDA,30,5,XGBoost,48,2.1613388461296417,0.05631461995847343
NVDA,30,10,ARIMA,50,1.4670946643566136,0.060077937100328764
NVDA,30,10,Naive,50,1.4687472367286682,0.05978375981098111
NVDA,30,10,XGBoost,48,2.541618422068949,0.0785066337356641
NVDA,30,20,ARIMA,50,1.8875465403317548,0.08631006879390425
NVDA,30,20,Naive,50,1.8870110157132138,0.08539487654271277
NVDA,30,20,XGBoost,48,3.38273478357141,0.13229847002219283
NVDA,60,1,ARIMA,50,0.6889258620319594,0.020785972174002448
NVDA,60,1,Naive,50,0.6732669067382809,0.020670769807778832
NVDA,60,1,XGBoost,48,0.7915995571826383,0.02316308115255143
NVDA,60,5,ARIMA,50,1.3683605666458993,0.04401604591540553
NVDA,60,5,Naive,50,1.3664960709214196,0.043901018531163266
NVDA,60,5,XGBoost,48,1.8670980688408736,0.06131131109929188
NVDA,60,10,ARIMA,50,1.5162555612474498,0.05874672102112791
NVDA,60,10,Naive,50,1.515362796187403,0.05866544055417133
NVDA,60,10,XGBoost,48,1.9038272258400244,0.07064595516295853
NVDA,60,20,ARIMA,50,1.9772594493973694,0.07262683825643917
NVDA,60,20,Naive,50,1.9906733015179623,0.07277957393005971
NVDA,60,20,XGBoost,48,3.5165477937318337,0.09305555299923385
NVDA,90,1,ARIMA,50,0.5538929759913388,0.02122010796929743
NVDA,90,1,Naive,50,0.5736712229251855,0.021485574820710247
NVDA,90,1,XGBoost,49,0.4160558693198325,0.021369259659994096
NVDA,90,5,ARIMA,50,1.6128085740465437,0.04833666914219702
NVDA,90,5,Naive,50,1.6223563069105131,0.048425933558113865
NVDA,90,5,XGBoost,49,1.8335974077355466,0.05135027104920559
NVDA,90,10,ARIMA,50,2.2692330753645082,0.06194616071745528
NVDA,90,10,Naive,50,2.271373126208784,0.062021433859929524
NVDA,90,10,XGBoost,49,2.3167123097209124,0.07024823309877401
NVDA,90,20,ARIMA,50,2.2363256279735193,0.09552258995600765
NVDA,90,20,Naive,50,2.2408144962787624,0.09553705079480931
NVDA,90,20,XGBoost,48,3.3962142197020384,0.118522252623313
NVDA,180,1,ARIMA,50,0.7656151124755938,0.0288104009136644
NVDA,180,1,Naive,50,0.7768496257066735,0.02879810767062677
NVDA,180,1,XGBoost,50,0.6958478407929561,0.03162154306513183
NVDA,180,5,ARIMA,50,1.7730363173949997,0.06284318100611827
NVDA,180,5,Naive,50,1.769702634215355,0.06274245008250622
NVDA,180,5,XGBoost,50,2.324715697448906,0.07239411922721267
NVDA,180,10,ARIMA,50,2.0936635652430415,0.07726634126750934
NVDA,180,10,Naive,50,2.079134843349458,0.07691646545105463
NVDA,180,10,XGBoost,50,2.963429783314989,0.08746553523556415
NVDA,180,20,ARIMA,50,3.3223939558593965,0.11171080705094509
NVDA,180,20,Naive,50,3.316874688863753,0.11157310065179414
NVDA,180,20,XGBoost,50,4.974561044830709,0.14471463913596674
PLUG,30,1,ARIMA,50,0.2030135248982282,0.036998500150033115
PLUG,30,1,Naive,50,0.20000006631016742,0.03601076995509337
PLUG,30,1,XGBoost,48,0.18102075257864916,0.037251989942138165
PLUG,30,5,ARIMA,50,0.5035350458720504,0.09315046873335621
PLUG,30,5,Naive,50,0.503200031518936,0.09303574623092771
PLUG,30,5,XGBoost,48,0.6785457921707332,0.1130680916095947
PLUG,30,10,ARIMA,50,0.7097508953211593,0.11958194977787803
PLUG,30,10,Naive,50,0.7112000861763954,0.11966440588975474
PLUG,30,10,XGBoost,48,1.3688969997887386,0.1974205892803088
PLUG,30,20,ARIMA,50,1.2983091203430726,0.1660940339704873
PLUG,30,20,Naive,50,1.3002000418305397,0.1660885336915069
PLUG,30,20,XGBoost,48,2.1004402208240447,0.25818816849520965
PLUG,60,1,ARIMA,50,0.23255074621062488,0.04018313535370879
PLUG,60,1,Naive,50,0.23319997400045403,0.03982124649844398
PLUG,60,1,XGBoost,48,0.2774544634407127,0.04459903100831416
PLUG,60,5,ARIMA,50,0.6241238590560086,0.10259141063223871
PLUG,60,5,Naive,50,0.6246000716090202,0.10239457258997066
PLUG,60,5,XGBoost,48,0.7987890488126744,0.12777649014558592
PLUG,60,10,ARIMA,50,0.9555885931432958,0.15231175148117188
PLUG,60,10,Naive,50,0.9570000460743904,0.15169161538434495
PLUG,60,10,XGBoost,48,1.12844482632025,0.18159765392683594
PLUG,60,20,ARIMA,50,1.3948948141352349,0.18890095589043596
PLUG,60,20,Naive,50,1.3960000583529473,0.1899670249656534
PLUG,60,20,XGBoost,48,2.0463875564625744,0.23552935547218037
PLUG,90,1,ARIMA,50,0.2798532848554762,0.04349415134065209
PLUG,90,1,Naive,50,0.27939991712570206,0.04307719764010299
PLUG,90,1,XGBoost,49,0.31153267356043707,0.04669431582446287
PLUG,90,5,ARIMA,50,0.6185442502505056,0.1350617668593759
PLUG,90,5,Naive,50,0.61799998909235,0.13465351278013898
PLUG,90,5,XGBoost,49,0.729129659850779,0.1525221555583609
PLUG,90,10,ARIMA,50,0.7511336982152274,0.14299554111879312
PLUG,90,10,Naive,50,0.7503999671339986,0.14240568925752503
PLUG,90,10,XGBoost,49,0.9448400839591231,0.1988517711507213
PLUG,90,20,ARIMA,50,1.8180694316160393,0.23401981031876215
PLUG,90,20,Naive,50,1.8189999002218247,0.2339329492820375
PLUG,90,20,XGBoost,48,2.489173561385443,0.3528051547510436
PLUG,180,1,ARIMA,50,0.2319097660611549,0.034231275495608726
PLUG,180,1,Naive,50,0.23140004098415376,0.0337786385338579
PLUG,180,1,XGBoost,50,0.30627974713353695,0.04064051935545237
PLUG,180,5,ARIMA,50,0.5689109205548536,0.09037965648830806
PLUG,180,5,Naive,50,0.5690000087022781,0.08999237400966965
PLUG,180,5,XGBoost,50,0.6494480073641212,0.11493711824071212
PLUG,180,10,ARIMA,50,0.8308061994287863,0.1284111529881567
PLUG,180,10,Naive,50,0.8307999348640442,0.12824750234254845
PLUG,180,10,XGBoost,50,0.9753404114477818,0.17270016318050224
PLUG,180,20,ARIMA,50,1.3801691285067201,0.21541277050280716
PLUG,180,20,Naive,50,1.379799964427948,0.21563097829291983
PLUG,180,20,XGBoost,50,1.7503635003439282,0.28486641987101097
RKLB,30,1,ARIMA,50,0.7367088518108108,0.027482395901696193
RKLB,30,1,Naive,50,0.7203003168106078,0.026377134469176194
RKLB,30,1,XGBoost,45,0.9197474100283881,0.037561504235900225
RKLB,30,5,ARIMA,50,2.006984971332612,0.08189678966355718
RKLB,30,5,Naive,50,1.9941999864578241,0.08126206989406633
RKLB,30,5,XGBoost,45,2.4574455352383118,0.10558474362912855
RKLB,30,10,ARIMA,50,2.5687651074021374,0.11078155296744349
RKLB,30,10,Naive,50,2.548099842071533,0.10913237305599562
RKLB,30,10,XGBoost,45,3.708535436825981,0.15931380322693253
RKLB,30,20,ARIMA,50,3.9598319777230144,0.1593135177609419
RKLB,30,20,Naive,50,3.927199912071228,0.1564619162474533
RKLB,30,20,XGBoost,44,6.507420544063593,0.23725040632724523
RKLB,60,1,ARIMA,50,1.3322986577372717,0.039592651853696405
RKLB,60,1,Naive,50,1.2992003631591793,0.03757965146197182
RKLB,60,1,XGBoost,46,1.6594416687687406,0.05275796947992692
RKLB,60,5,ARIMA,50,2.058596580646509,0.08631873200952293
RKLB,60,5,Naive,50,1.9475000905990598,0.080645006410836
RKLB,60,5,XGBoost,46,2.157708126940237,0.09006942007702849
RKLB,60,10,ARIMA,50,2.8963550556463975,0.13899746191717965
RKLB,60,10,Naive,50,2.666300072669982,0.12635728846177524
RKLB,60,10,XGBoost,46,4.057496623652664,0.16712641208061554
RKLB,60,20,ARIMA,50,4.956141373304816,0.19719378670800786
RKLB,60,20,Naive,50,4.54799991607666,0.17583355319790542
RKLB,60,20,XGBoost,45,7.1567005676357045,0.2512032920518064
RKLB,90,1,ARIMA,50,1.2180087455754225,0.040197981963666155
RKLB,90,1,Naive,50,1.1867005491256715,0.03813863346263857
RKLB,90,1,XGBoost,47,1.3782149211865744,0.04850871251856235
RKLB,90,5,ARIMA,50,1.7756378776076043,0.08381717788304163
RKLB,90,5,Naive,50,1.6565999317169189,0.07818716896499889
RKLB,90,5,XGBoost,47,2.016896582482808,0.10124758693427685
RKLB,90,10,ARIMA,50,3.5788092393817936,0.14951175008367204
RKLB,90,10,Naive,50,3.345400109291077,0.1371261538746931
RKLB,90,10,XGBoost,47,3.483608186353283,0.1593799176685817
RKLB,90,20,ARIMA,50,5.4199738053619475,0.21330380237699081
RKLB,90,20,Naive,50,4.996800079345703,0.19090226941082228
RKLB,90,20,XGBoost,46,6.68099982817512,0.2605335585403965
RKLB,180,1,ARIMA,50,0.9269773045004057,0.03080809013195477
RKLB,180,1,Naive,50,0.9381000185012813,0.031243815735421107
RKLB,180,1,XGBoost,50,0.8547595702596001,0.031532093586999245
RKLB,180,5,ARIMA,50,1.9147277081206828,0.06226879735230462
RKLB,180,5,Naive,50,1.9375998020172118,0.06294664717181055
RKLB,180,5,XGBoost,50,1.8070496303056849,0.07288802870920724
RKLB,180,10,ARIMA,50,2.181887193006166,0.10174252599260578
RKLB,180,10,Naive,50,2.1371000289917,0.09821475533160387
RKLB,180,10,XGBoost,50,3.7417408024438417,0.1390348802831045
RKLB,180,20,ARIMA,50,5.23102009021256,0.19191370285990084
RKLB,180,20,Naive,50,5.259900217056274,0.19348646680763942
RKLB,180,20,XGBoost,50,6.676722570736957,0.24257488502840552
SMCI,30,1,ARIMA,50,0.2916099753176593,0.024866649597485982
SMCI,30,1,Naive,50,0.29047983646392805,0.024791078208433327
SMCI,30,1,XGBoost,48,0.4232293826648322,0.02828208394542576
SMCI,30,5,ARIMA,50,0.960811905367279,0.05825116874625941
SMCI,30,5,Naive,50,0.9579400551319125,0.05777739332882488
SMCI,30,5,XGBoost,48,1.1600549883427558,0.06285872936910292
SMCI,30,10,ARIMA,50,1.535925520366098,0.08675475942334654
SMCI,30,10,Naive,50,1.5317602062225335,0.08566250036873127
SMCI,30,10,XGBoost,48,2.115785254900201,0.11421600654660602
SMCI,30,20,ARIMA,50,1.8752156019470743,0.11222543348175869
SMCI,30,20,Naive,50,1.874659820795059,0.11116985121168778
SMCI,30,20,XGBoost,48,3.0814934688473343,0.16462462060713803
SMCI,60,1,ARIMA,50,0.7210583416322334,0.031876515485022204
SMCI,60,1,Naive,50,0.7223199737071988,0.032020403064706444
SMCI,60,1,XGBoost,48,0.9136942906479231,0.039180520835467074
SMCI,60,5,ARIMA,50,1.5130103183859052,0.06938449417151828
SMCI,60,5,Naive,50,1.5123400521278378,0.06942200291981072
SMCI,60,5,XGBoost,48,1.6257317875053012,0.0746229567861998
SMCI,60,10,ARIMA,50,1.191172902998438,0.08403070972464924
SMCI,60,10,Naive,50,1.189679971933365,0.08397951816303972
SMCI,60,10,XGBoost,48,1.5779790896554957,0.10272257935621464
SMCI,60,20,ARIMA,50,1.8380460338536075,0.10791617380380165
SMCI,60,20,Naive,50,1.834299978017807,0.10774107336735918
SMCI,60,20,XGBoost,48,3.0007266496536986,0.1498017617745426
SMCI,90,1,ARIMA,50,0.27132450385933743,0.02115923166746178
SMCI,90,1,Naive,50,0.2882000124454496,0.02189267832327644
SMCI,90,1,XGBoost,49,0.43254941389249363,0.02963350465350576
SMCI,90,5,ARIMA,50,0.7899518507679119,0.05058744908189909
SMCI,90,5,Naive,50,0.7972399306297301,0.05073337419814952
SMCI,90,5,XGBoost,49,1.0176243224372163,0.06415101625215495
SMCI,90,10,ARIMA,50,1.6090496241269043,0.0822779638908403
SMCI,90,10,Naive,50,1.6167397940158843,0.08253516310483083
SMCI,90,10,XGBoost,49,1.866089578095078,0.09505578154442629
SMCI,90,20,ARIMA,50,1.3262964007154727,0.11471556504404358
SMCI,90,20,Naive,50,1.3294198679924012,0.11489607186532945
SMCI,90,20,XGBoost,48,2.5803429377200544,0.15226379985661806
SMCI,180,1,ARIMA,50,0.41265270079517996,0.029983004333558706
SMCI,180,1,Naive,50,0.4112402439117432,0.030152914049239574
SMCI,180,1,XGBoost,50,0.42821025825989495,0.034126629727114416
SMCI,180,5,ARIMA,50,1.0677286065190854,0.06440731494946594
SMCI,180,5,Naive,50,1.0671400701999667,0.06441547489169425
SMCI,180,5,XGBoost,50,1.2345167361292229,0.08174416353340958
SMCI,180,10,ARIMA,50,1.2793076371844732,0.0875553423559789
SMCI,180,10,Naive,50,1.2767801117897033,0.08750808186733516
SMCI,180,10,XGBoost,50,1.7913295572003032,0.12436874309271827
SMCI,180,20,ARIMA,50,2.002970231627826,0.1283175641581726
SMCI,180,20,Naive,50,2.000100009441376,0.12824396857590561
SMCI,180,20,XGBoost,50,2.7309916729905144,0.17395505966898717
