ticker,date,actual_return,rolling_vol,threshold,actual_spike,xgb_warning,chronos_warning
AAPL,2011-03-14,0.004460158412304516,0.014429410055006314,0.028858820110012628,False,False,False
AAPL,2011-07-06,0.006667573682985539,0.016088724658559105,0.03217744931711821,False,False,False
AAPL,2011-10-26,0.007114830957233975,0.024580418080728295,0.04916083616145659,False,False,False
AAPL,2012-02-21,0.02535302995483213,0.017792066866990235,0.03558413373398047,False,False,False
AAPL,2012-06-13,-0.0069428418656197755,0.019646710261332915,0.03929342052266583,False,False,False
AAPL,2012-10-04,-0.006925222819020527,0.0146515037758187,0.0293030075516374,False,False,False
AAPL,2013-01-31,-0.0029329128527638693,0.03450341369398481,0.06900682738796962,False,False,False
AAPL,2013-05-24,0.0068077533326771356,0.017183360473809067,0.03436672094761813,False,False,False
AAPL,2013-09-17,0.01155270804636599,0.018266765022170003,0.036533530044340005,False,False,False
AAPL,2014-01-09,-0.012769852206867327,0.012622313158029698,0.025244626316059397,False,False,False
AAPL,2014-05-05,0.01414124446716336,0.02192175441521296,0.04384350883042592,False,False,False
AAPL,2014-08-26,-0.0064013082158485,0.009023184087922057,0.018046368175844114,False,False,False
AAPL,2014-12-17,0.024918085674496826,0.014118415254039757,0.028236830508079513,False,False,False
AAPL,2015-04-14,-0.0043361181523605685,0.012650522554392474,0.025301045108784948,False,False,False
AAPL,2015-08-05,0.006629199065646407,0.018152496352371896,0.03630499270474379,False,False,False
AAPL,2015-11-25,-0.007150188201904051,0.017463689584426623,0.034927379168853245,False,False,False
AAPL,2016-03-22,0.007647852886431661,0.012838471149544638,0.025676942299089275,False,False,False
AAPL,2016-07-14,0.019820451362967173,0.011383420691875137,0.022766841383750274,False,False,False
AAPL,2016-11-03,-0.01071878092459111,0.009129211405909391,0.018258422811818782,False,False,False
AAPL,2017-03-01,0.02043904268959773,0.013694602636383462,0.027389205272766923,False,False,False
AAPL,2017-06-22,-0.0016450556162370678,0.013968319030504344,0.027936638061008687,False,False,False
AAPL,2017-10-13,0.0063463683018247785,0.009107687034354573,0.018215374068709145,False,False,False
AAPL,2018-02-07,-0.021407164107031362,0.0172071235151774,0.0344142470303548,False,False,False
AAPL,2018-06-01,0.018034057036322437,0.010407096917030045,0.02081419383406009,False,False,False
AAPL,2018-09-24,0.014380374473740964,0.013654536085384139,0.027309072170768278,False,False,False
AAPL,2019-01-18,0.006159089013166419,0.034096988040053386,0.06819397608010677,False,False,False
AAPL,2019-05-14,0.0158301003006458,0.020735726660705535,0.04147145332141107,False,False,False
AAPL,2019-09-05,0.01955146618513659,0.020030374038720655,0.04006074807744131,False,False,False
AAPL,2019-12-27,-0.00037961355973947786,0.011062487215301129,0.022124974430602257,False,False,False
AAPL,2020-04-22,0.028803637237555968,0.03964678694077279,0.07929357388154558,False,False,False
AAPL,2020-08-13,0.017697432091819953,0.03127187010655054,0.06254374021310108,False,False,False
AAPL,2020-12-04,-0.005612256345542632,0.016626621955184686,0.03325324391036937,False,False,False
AAPL,2021-03-31,0.018765881887806923,0.02066195673022016,0.04132391346044032,False,False,False
AAPL,2021-07-23,0.011989285888479362,0.013467261385275773,0.026934522770551545,False,False,False
AAPL,2021-11-12,0.014336998971469006,0.01028577709476474,0.02057155418952948,False,False,False
AAPL,2022-03-09,0.03499723576428515,0.01644924301854973,0.03289848603709946,True,False,False
AAPL,2022-07-01,0.016164423114502835,0.024887918007539575,0.04977583601507915,False,False,False
AAPL,2022-10-24,0.014802569726696024,0.023497521634622758,0.046995043269245515,False,False,False
AAPL,2023-02-16,-0.010429329152483402,0.01550388123480631,0.03100776246961262,False,False,False
AAPL,2023-06-12,0.015638804671419537,0.008618326378424288,0.017236652756848575,False,False,False
AAPL,2023-10-04,0.007308546369570346,0.014660684531207653,0.029321369062415305,False,False,False
AAPL,2024-01-29,-0.0035858916774162974,0.014423460822098296,0.028846921644196593,False,False,False
AAPL,2024-05-21,0.006857242566348232,0.016243515064958816,0.03248703012991763,False,False,False
AAPL,2024-09-13,-0.0012119483310931711,0.00958118943528032,0.01916237887056064,False,False,False
AAPL,2025-01-07,-0.011387749975879102,0.011963840510045861,0.023927681020091723,False,False,False
AAPL,2025-05-02,-0.037361645758300144,0.0509837721103977,0.1019675442207954,False,False,False
AAPL,2025-08-26,0.009464706476046691,0.019522840872344193,0.039045681744688386,False,False,False
AAPL,2025-12-17,-0.010087037063657212,0.009265962576120106,0.01853192515224021,False,False,False
AAPL,2026-04-14,-0.0014275206833038734,0.012397908787328134,0.024795817574656268,False,False,False
AAPL,2026-08-07,0.0029447910342257355,0.023573874499706788,0.047147748999413576,False,False,False
MSFT,2011-03-14,0.00038940062789150076,0.008496080012001904,0.01699216002400381,False,False,False
MSFT,2011-07-06,0.01152560222949428,0.013180950847206782,0.026361901694413565,False,False,False
MSFT,2011-10-26,-0.00820580042843444,0.014165765820491416,0.028331531640982833,False,False,False
MSFT,2012-02-21,0.006080178793221869,0.01161335738964305,0.0232267147792861,False,False,False
MSFT,2012-06-13,-0.005462963620600059,0.014642898644841425,0.02928579728968285,False,False,False
MSFT,2012-10-04,0.005693368507290408,0.010969386382690096,0.021938772765380192,False,False,False
MSFT,2013-01-31,-0.014363194400999535,0.011725488015420804,0.02345097603084161,False,False,False
MSFT,2013-05-24,0.0035135223938420612,0.012658216609883002,0.025316433219766003,False,False,False
MSFT,2013-09-17,0.0039636407930720985,0.024047671621770954,0.04809534324354191,False,False,False
MSFT,2014-01-09,-0.006432089867985047,0.010463380615658525,0.02092676123131705,False,False,False
MSFT,2014-05-05,-0.00655075242126979,0.013051164346355053,0.026102328692710106,False,False,False
MSFT,2014-08-26,-0.0035425357123077816,0.007878223531389745,0.01575644706277949,False,False,False
MSFT,2014-12-17,0.012842864143595367,0.01151828762240486,0.02303657524480972,False,False,False
MSFT,2015-04-14,-0.0026339204015698447,0.012563409677432904,0.02512681935486581,False,False,False
MSFT,2015-08-05,0.0008414803849277064,0.013126372233438112,0.026252744466876223,False,False,False
MSFT,2015-11-25,-0.010322592115779794,0.010283502640522389,0.020567005281044777,False,False,False
MSFT,2016-03-22,0.003898706215324399,0.01632417842882174,0.03264835685764348,False,False,False
MSFT,2016-07-14,0.004298124820355964,0.015931464241147872,0.031862928482295744,False,False,False
MSFT,2016-11-03,-0.00370172117854517,0.01218354054483233,0.02436708108966466,False,False,False
MSFT,2017-03-01,0.015004834110202703,0.006453179784341937,0.012906359568683873,True,False,False
MSFT,2017-06-22,-0.0001422962827062335,0.010477321505685698,0.020954643011371395,False,False,False
MSFT,2017-10-13,0.004798054494645765,0.007233560456889127,0.014467120913778254,False,False,False
MSFT,2018-02-07,-0.0188329633758042,0.018093177741308444,0.03618635548261689,False,False,False
MSFT,2018-06-01,0.01972889819126511,0.007162798327787298,0.014325596655574596,True,False,False
MSFT,2018-09-24,0.003588646248586569,0.011346226906505072,0.022692453813010143,False,False,False
MSFT,2019-01-18,0.014983216703295055,0.0261118208412804,0.0522236416825608,False,False,False
MSFT,2019-05-14,0.011187776142994155,0.014809898733406825,0.02961979746681365,False,False,False
MSFT,2019-09-05,0.017583106370801627,0.016373967879048438,0.032747935758096876,False,False,False
MSFT,2019-12-27,0.0018272287767484574,0.006456509857498368,0.012913019714996737,False,False,False
MSFT,2020-04-22,0.033964825292713385,0.039577132107771515,0.07915426421554303,False,False,False
MSFT,2020-08-13,-0.002342406358526783,0.02370537514377878,0.04741075028755756,False,False,False
MSFT,2020-12-04,0.0005600780015806439,0.015356151421092833,0.030712302842185665,False,False,False
MSFT,2021-03-31,0.016907346926239297,0.016450625799888784,0.03290125159977757,False,False,False
MSFT,2021-07-23,0.012336333261592669,0.009029098025768916,0.01805819605153783,False,False,False
MSFT,2021-11-12,0.012904933380037953,0.011902222479550934,0.02380444495910187,False,False,False
MSFT,2022-03-09,0.045858193526622015,0.021799381158708067,0.043598762317416134,True,False,False
MSFT,2022-07-01,0.01070740653859037,0.02328457176164729,0.04656914352329458,False,False,False
MSFT,2022-10-24,0.021187822286735214,0.02400224243226999,0.04800448486453998,False,False,False
MSFT,2023-02-16,-0.026622609529353358,0.021430847091479896,0.04286169418295979,False,False,False
MSFT,2023-06-12,0.015483641353713606,0.014458213361775319,0.028916426723550638,False,False,False
MSFT,2023-10-04,0.017773407368518068,0.013474824166530407,0.026949648333060815,False,False,False
MSFT,2024-01-29,0.014334168125398561,0.008201348420328757,0.016402696840657514,False,False,False
MSFT,2024-05-21,0.008698966983980538,0.014312816611496965,0.02862563322299393,False,False,False
MSFT,2024-09-13,0.00840751533485129,0.011753140784117648,0.023506281568235296,False,False,False
MSFT,2025-01-07,-0.012808087589131767,0.011892664175316708,0.023785328350633416,False,False,False
MSFT,2025-05-02,0.02322516970818489,0.03443335093475577,0.06886670186951153,False,False,False
MSFT,2025-08-26,-0.004402532224849209,0.013636190550088531,0.027272381100177063,False,False,False
MSFT,2025-12-17,-0.0005668537354907022,0.014270204010356854,0.02854040802071371,False,False,False
MSFT,2026-04-14,0.02273847493355685,0.016149284984581985,0.03229856996916397,False,False,False
MSFT,2026-08-07,0.00026008287542045316,0.038507866975017645,0.07701573395003529,False,False,False
NVDA,2011-03-14,0.00831032622493022,0.04196445215450976,0.08392890430901952,False,False,False
NVDA,2011-07-06,-0.013224300249123355,0.01847301573879448,0.03694603147758896,False,False,False
NVDA,2011-10-26,0.011764694223536765,0.04196290083563657,0.08392580167127314,False,False,False
NVDA,2012-02-21,0.005047337525964535,0.01903478235549723,0.03806956471099446,False,False,False
NVDA,2012-06-13,-0.026378724943484033,0.024706053683377926,0.04941210736675585,False,False,False
NVDA,2012-10-04,0.04447857155193535,0.0147604274277829,0.0295208548555658,True,False,False
NVDA,2013-01-31,-0.004869928754259734,0.01783483590154097,0.03566967180308194,False,False,False
NVDA,2013-05-24,-0.0061514059475916705,0.017143570145168305,0.03428714029033661,False,False,False
NVDA,2013-09-17,0.0031623470998938252,0.009059087741424648,0.018118175482849296,False,False,False
NVDA,2014-01-09,-0.03728619026923796,0.011754485237038674,0.023508970474077347,True,False,False
NVDA,2014-05-05,0.010851884747056229,0.01552825907715474,0.03105651815430948,False,False,False
NVDA,2014-08-26,0.017791799649245377,0.022596024471314657,0.04519204894262931,False,False,False
NVDA,2014-12-17,0.0408267941063476,0.01470256606231229,0.02940513212462458,True,False,False
NVDA,2015-04-14,-0.008425732411800002,0.02125933675442412,0.04251867350884824,False,False,False
NVDA,2015-08-05,0.010309508005790669,0.012735115746464416,0.025470231492928833,False,False,False
NVDA,2015-11-25,-0.0012833917522123706,0.03506875473554132,0.07013750947108265,False,False,False
NVDA,2016-03-22,-0.0017692593135198997,0.015387488937098612,0.030774977874197224,False,False,False
NVDA,2016-07-14,0.010231171029156272,0.020506519901247525,0.04101303980249505,False,False,False
NVDA,2016-11-03,-0.011634857588338043,0.016763908781318435,0.03352781756263687,False,False,False
NVDA,2017-03-01,0.012909225885266995,0.03060736344107873,0.06121472688215746,False,False,False
NVDA,2017-06-22,-0.0068980167489305355,0.025512304208711256,0.05102460841742251,False,False,False
NVDA,2017-10-13,0.01863563452087824,0.0226144538670938,0.0452289077341876,False,False,False
NVDA,2018-02-07,0.014274237144638935,0.02841822210272029,0.05683644420544058,False,False,False
NVDA,2018-06-01,0.021531310333329667,0.018165268766130303,0.03633053753226061,False,False,False
NVDA,2018-09-24,0.008540738570075534,0.013674475384106648,0.027348950768213295,False,True,False
NVDA,2019-01-18,0.03433977610028838,0.03414706864471608,0.06829413728943216,False,False,False
NVDA,2019-05-14,0.022656726242920255,0.021810351771074463,0.04362070354214893,False,False,False
NVDA,2019-09-05,0.06506256965675927,0.03300200880766944,0.06600401761533888,False,False,False
NVDA,2019-12-27,-0.009699530910257659,0.013915463807965482,0.027830927615930964,False,False,False
NVDA,2020-04-22,0.06174179847587036,0.05825637919909812,0.11651275839819623,False,False,False
NVDA,2020-08-13,0.0002403552635039663,0.02190031419302582,0.04380062838605164,False,False,False
NVDA,2020-12-04,0.012112279502925816,0.027454750433909086,0.05490950086781817,False,False,False
NVDA,2021-03-31,0.03701904375142173,0.03402959219216586,0.06805918438433171,False,False,False
NVDA,2021-07-23,-0.0018370719298593796,0.024984151937556275,0.04996830387511255,False,False,False
NVDA,2021-11-12,0.0,0.032468910296248384,0.06493782059249677,False,False,False
NVDA,2022-03-09,0.06972213759898471,0.0460429250135988,0.0920858500271976,False,False,False
NVDA,2022-07-01,-0.04195521455421303,0.040597750195769625,0.08119550039153925,False,False,False
NVDA,2022-10-24,0.010668878248522917,0.03560282651721115,0.0712056530344223,False,False,False
NVDA,2023-02-16,-0.033473928389564644,0.03856557283545801,0.07713114567091602,False,False,False
NVDA,2023-06-12,0.018364850532781363,0.05971080368510392,0.11942160737020784,False,False,False
NVDA,2023-10-04,0.012041212392453815,0.01919483816365392,0.03838967632730784,False,False,False
NVDA,2024-01-29,0.02349622488881553,0.02052780903015756,0.04105561806031512,False,False,False
NVDA,2024-05-21,0.006393639372646032,0.027810696797701567,0.055621393595403135,False,False,False
NVDA,2024-09-13,-0.0003358228004953778,0.04151455780659134,0.08302911561318269,False,False,False
NVDA,2025-01-07,-0.06216962397175585,0.024551706179016617,0.049103412358033234,True,False,False
NVDA,2025-05-02,0.02589380833985855,0.05905362702754501,0.11810725405509002,False,False,False
NVDA,2025-08-26,0.010900419888796531,0.015589621532710459,0.031179243065420918,False,False,False
NVDA,2025-12-17,-0.038149918132835525,0.01904722472013062,0.03809444944026124,True,False,False
NVDA,2026-04-14,0.03803286541178319,0.02185208229463044,0.04370416458926088,False,False,False
NVDA,2026-08-07,0.022695105237842572,0.027636084110044812,0.055272168220089624,False,False,False
AMZN,2011-03-14,-0.007972801640726224,0.014356453373873075,0.02871290674774615,False,False,False
AMZN,2011-07-06,0.004690669371196776,0.01687162452202586,0.03374324904405172,False,False,False
AMZN,2011-10-26,-0.12656834605710776,0.02561608725768463,0.05123217451536926,True,False,False
AMZN,2012-02-21,-0.001315077690228983,0.026161590661682645,0.05232318132336529,False,False,False
AMZN,2012-06-13,-0.007808918956720312,0.016184852662290253,0.03236970532458051,False,False,False
AMZN,2012-10-04,0.017779065640609604,0.014394688071297755,0.02878937614259551,False,False,False
AMZN,2013-01-31,-0.026616800737933488,0.02355894055682513,0.04711788111365026,False,False,False
AMZN,2013-05-24,-0.00022920239606116777,0.021589944361492718,0.043179888722985435,False,False,False
AMZN,2013-09-17,0.027393058568022433,0.011222769618772,0.022445539237544,True,False,False
AMZN,2014-01-09,-0.0022641222191301935,0.01098875537584948,0.02197751075169896,False,False,False
AMZN,2014-05-05,0.006623114890180748,0.030775319767346952,0.061550639534693904,False,False,False
AMZN,2014-08-26,0.02338178013264769,0.012930723408018464,0.02586144681603693,False,False,False
AMZN,2014-12-17,0.012946518090075854,0.016549907706468123,0.033099815412936245,False,False,False
AMZN,2015-04-14,0.007192214809078834,0.00873117881066367,0.01746235762132734,False,False,False
AMZN,2015-08-05,0.009607099080793713,0.024638669594540728,0.049277339189081455,False,False,False
AMZN,2015-11-25,0.006242996820356117,0.015497050238917271,0.030994100477834543,False,False,False
AMZN,2016-03-22,0.011733303365531578,0.015078871398918624,0.03015774279783725,False,False,False
AMZN,2016-07-14,-0.0019255583636402784,0.013158223557970571,0.026316447115941142,False,False,False
AMZN,2016-11-03,0.0019202044816464259,0.015618591629677912,0.031237183259355823,False,False,False
AMZN,2017-03-01,0.009514352875576781,0.010686006260395776,0.02137201252079155,False,False,False
AMZN,2017-06-22,-0.0009279538602159354,0.012281851765550628,0.024563703531101256,False,False,False
AMZN,2017-10-13,0.0020080964130191337,0.00864410778737362,0.01728821557474724,False,False,False
AMZN,2018-02-07,-0.018061620618718965,0.01903865593608979,0.03807731187217958,False,False,False
AMZN,2018-06-01,0.007314596664868223,0.00684957197519373,0.01369914395038746,False,False,False
AMZN,2018-09-24,0.010104372755515678,0.015798390218912002,0.031596780437824004,False,False,False
AMZN,2019-01-18,0.0017598946424279838,0.03355483125790109,0.06710966251580218,False,False,False
AMZN,2019-05-14,0.009568262041155462,0.015061224058847137,0.030122448117694274,False,False,False
AMZN,2019-09-05,0.022270161635782104,0.015302779622494043,0.030605559244988086,False,False,False
AMZN,2019-12-27,0.0005511476895356804,0.012209752436169384,0.02441950487233877,False,False,False
AMZN,2020-04-22,0.015192527091639096,0.028118742690604544,0.05623748538120909,False,False,False
AMZN,2020-08-13,-0.0003858318082136103,0.025768055177123248,0.051536110354246496,False,False,False
AMZN,2020-12-04,-0.007578327983446487,0.018750817690859657,0.037501635381719314,False,False,False
AMZN,2021-03-31,0.01269600564306872,0.016913754064746402,0.033827508129492805,False,False,False
AMZN,2021-07-23,0.005115384934792244,0.014963003008630911,0.029926006017261822,False,False,False
AMZN,2021-11-12,0.015162029225161966,0.01789198266240793,0.03578396532481586,False,False,False
AMZN,2022-03-09,0.024001199930983708,0.023239745149300748,0.046479490298601496,False,False,False
AMZN,2022-07-01,0.03154127203651269,0.03363364191250096,0.06726728382500193,False,False,False
AMZN,2022-10-24,0.004190412347291339,0.028837014396330463,0.057674028792660925,False,False,False
AMZN,2023-02-16,-0.02975486385196624,0.031262779657254595,0.06252555931450919,False,False,False
AMZN,2023-06-12,0.025439515368102628,0.01961286474385191,0.03922572948770382,False,False,False
AMZN,2023-10-04,0.018280939360016735,0.022095600131464218,0.044191200262928436,False,False,False
AMZN,2024-01-29,0.01344896590822775,0.012468849165908638,0.024937698331817276,False,False,False
AMZN,2024-05-21,-0.0021248741632043933,0.016600907094682933,0.033201814189365866,False,False,False
AMZN,2024-09-13,-0.0027272433520636463,0.021104566212086617,0.042209132424173235,False,False,False
AMZN,2025-01-07,-0.02416414035082548,0.017451833177832783,0.034903666355665566,False,False,False
AMZN,2025-05-02,-0.0011566836184704332,0.043782570088769415,0.08756514017753883,False,False,False
AMZN,2025-08-26,0.0033781006590050122,0.024905745432308234,0.04981149086461647,False,False,False
AMZN,2025-12-17,-0.005796159688549629,0.016693767210045958,0.033387534420091916,False,False,False
AMZN,2026-04-14,0.03805913087682655,0.023113966830687834,0.04622793366137567,False,False,False
AMZN,2026-08-07,0.00815397466052481,0.040816351422986376,0.08163270284597275,False,False,False
ENPH,2013-06-12,-0.09264707305439579,0.03348945100664294,0.06697890201328588,True,False,False
ENPH,2013-09-17,-0.007371058610079473,0.03822410923396562,0.07644821846793123,False,False,False
ENPH,2013-12-23,-0.015789417326723676,0.05189209469540402,0.10378418939080804,False,False,False
ENPH,2014-04-01,0.0733695587034151,0.02938803208044157,0.05877606416088314,True,False,False
ENPH,2014-07-09,0.010917072394709626,0.01866548699622879,0.03733097399245758,False,False,False
ENPH,2014-10-13,-0.03886254407579781,0.04957446347176988,0.09914892694353976,False,False,False
ENPH,2015-01-21,-0.016037742469437344,0.03964976744778661,0.07929953489557322,False,False,False
ENPH,2015-04-28,0.0161538490882287,0.025245564999587453,0.050491129999174905,False,False,False
ENPH,2015-08-04,0.03107862574305309,0.05519284795245316,0.11038569590490632,False,False,False
ENPH,2015-11-06,-0.04782604233754284,0.10729936708707452,0.21459873417414904,False,False,False
ENPH,2016-02-17,0.051643140462787285,0.06800361352874008,0.13600722705748017,False,False,False
ENPH,2016-05-23,0.07027026678716464,0.04365851931839774,0.08731703863679548,False,False,False
ENPH,2016-08-29,0.016574636214070848,0.03207760704037507,0.06415521408075014,False,False,False
ENPH,2016-12-02,0.02702700090373522,0.033846804047488376,0.06769360809497675,False,False,False
ENPH,2017-03-14,0.04065036710645531,0.06754960048654869,0.13509920097309738,False,False,False
ENPH,2017-06-19,0.03896108017862199,0.03647817044054764,0.07295634088109527,False,False,False
ENPH,2017-09-25,-0.03546095992902232,0.06577415593240878,0.13154831186481755,False,False,False
ENPH,2017-12-29,-0.03212848329303353,0.03603918629589578,0.07207837259179156,False,False,False
ENPH,2018-04-10,-0.036144600462750365,0.041474252931325645,0.08294850586265129,False,False,False
ENPH,2018-07-16,-0.04403408301978806,0.04811664922310871,0.09623329844621742,False,False,False
ENPH,2018-10-19,-0.026694069300988055,0.042931222223161425,0.08586244444632285,False,False,False
ENPH,2019-01-29,0.028985479203023967,0.033189025647324684,0.06637805129464937,False,False,False
ENPH,2019-05-07,0.03345454822887084,0.07095107829802832,0.14190215659605665,False,False,False
ENPH,2019-08-12,-0.029827339138499886,0.07434868950100758,0.14869737900201516,False,False,False
ENPH,2019-11-15,0.01737756333246243,0.06671400860622383,0.13342801721244765,False,False,False
ENPH,2020-02-25,-0.07889969106197625,0.10394621147794272,0.20789242295588545,False,False,False
ENPH,2020-06-02,-0.045743959924202104,0.05772106576725193,0.11544213153450386,False,False,False
ENPH,2020-09-04,-0.02418878046947104,0.040623525671699634,0.08124705134339927,False,False,False
ENPH,2020-12-11,0.06630589515336638,0.029556626619939044,0.05911325323987809,True,False,False
ENPH,2021-03-22,0.03975478401698185,0.06904905673340968,0.13809811346681936,False,False,False
ENPH,2021-06-28,0.07377845080356371,0.026163748266029022,0.052327496532058045,True,False,False
ENPH,2021-10-01,0.035940517075253364,0.021044917389150233,0.042089834778300465,False,False,False
ENPH,2022-01-07,-0.041982971679531356,0.03624353075695504,0.07248706151391009,False,False,False
ENPH,2022-04-14,-0.014076495786598087,0.029826862421704858,0.059653724843409715,False,False,False
ENPH,2022-07-25,0.03313798803114798,0.04232961642999294,0.08465923285998588,False,False,False
ENPH,2022-10-27,0.048686030399845315,0.04071137185999031,0.08142274371998062,False,True,False
ENPH,2023-02-06,0.00026920028419019637,0.034715623686440114,0.06943124737288023,False,False,False
ENPH,2023-05-12,0.04204247806388839,0.06344983349054265,0.1268996669810853,False,False,False
ENPH,2023-08-21,-0.0013809473748537249,0.024927330163424317,0.049854660326848634,False,False,False
ENPH,2023-11-24,0.00019964344381429022,0.05676514720370503,0.11353029440741005,False,False,False
ENPH,2024-03-05,0.009034404341043523,0.052657651543825276,0.10531530308765055,False,False,False
ENPH,2024-06-10,0.06452137001177438,0.03837426257299524,0.07674852514599048,False,False,False
ENPH,2024-09-17,0.0631446860742575,0.03451959369500698,0.06903918739001395,False,False,False
ENPH,2024-12-20,0.08586616465716768,0.03858821675646506,0.07717643351293012,True,False,False
ENPH,2025-04-02,0.002083684394726948,0.032254242965868034,0.06450848593173607,False,False,False
ENPH,2025-07-10,0.002800530941780899,0.07294328714201126,0.14588657428402252,False,False,False
ENPH,2025-10-15,0.03018667207117054,0.03363674481491969,0.06727348962983938,False,False,False
ENPH,2026-01-22,0.12538221207891986,0.023613677779519452,0.047227355559038904,True,False,False
ENPH,2026-04-30,0.056748910551710496,0.037629347322862765,0.07525869464572553,False,False,False
ENPH,2026-08-07,0.05545754636968114,0.04243330526053124,0.08486661052106248,False,False,False
SMCI,2011-03-14,-0.01221996338745368,0.021506924296147704,0.04301384859229541,False,False,False
SMCI,2011-07-06,-0.011801275302449121,0.015768289271281516,0.03153657854256303,False,False,False
SMCI,2011-10-26,0.10387809942087722,0.044654908172620036,0.08930981634524007,True,False,False
SMCI,2012-02-21,-0.012987013861192942,0.016438490982050493,0.032876981964100986,False,False,False
SMCI,2012-06-13,-0.033268101304723685,0.027608113765329276,0.05521622753065855,False,False,False
SMCI,2012-10-04,-0.03412076474583969,0.017978038439889883,0.035956076879779766,False,False,False
SMCI,2013-01-31,0.010612254033531388,0.044767779452963556,0.08953555890592711,False,False,False
SMCI,2013-05-24,-0.0009755390673276132,0.019636246470966397,0.039272492941932795,False,False,False
SMCI,2013-09-17,-0.0030120095284850157,0.01470575259217839,0.02941150518435678,False,False,False
SMCI,2014-01-09,-0.009557964269971131,0.014978844993421269,0.029957689986842537,False,False,False
SMCI,2014-05-05,-0.022671268023721547,0.02584193866316176,0.05168387732632352,False,False,False
SMCI,2014-08-26,0.00529100991178888,0.027855473309600063,0.055710946619200126,False,False,False
SMCI,2014-12-17,0.04314477235063752,0.018462188701604317,0.036924377403208634,True,False,False
SMCI,2015-04-14,0.0036806373741233855,0.022125387882381435,0.04425077576476287,False,False,False
SMCI,2015-08-05,0.08136373205521541,0.021607386659403878,0.043214773318807756,True,True,False
SMCI,2015-11-25,0.009197355666802132,0.03279415053094715,0.0655883010618943,False,False,False
SMCI,2016-03-22,0.0,0.017550286162909483,0.035100572325818966,False,False,False
SMCI,2016-07-14,0.003068621656252768,0.025620309075904058,0.051240618151808116,False,False,False
SMCI,2016-11-03,-0.011061989147312823,0.029499673415964846,0.05899934683192969,False,False,False
SMCI,2017-03-01,0.023076993614966845,0.015350147866861808,0.030700295733723616,False,False,False
SMCI,2017-06-22,0.008316000484173136,0.012590859773171155,0.02518171954634231,False,False,False
SMCI,2017-10-13,0.004444440205891853,0.03338006856661651,0.06676013713323302,False,False,False
SMCI,2018-02-07,0.012787711309132144,0.03727081434598435,0.0745416286919687,False,False,False
SMCI,2018-06-01,0.012448120465286205,0.043934574001824864,0.08786914800364973,False,False,False
SMCI,2018-09-24,-0.03816419300664142,0.03658949108767392,0.07317898217534784,False,False,False
SMCI,2019-01-18,0.01351350045186761,0.029368412299652927,0.058736824599305855,False,False,False
SMCI,2019-05-14,0.013231563586021844,0.015382143333618339,0.030764286667236677,False,False,False
SMCI,2019-09-05,0.016172491148951362,0.04609011921470308,0.09218023842940616,False,False,False
SMCI,2019-12-27,0.01260502938959629,0.022063406658905303,0.044126813317810605,False,False,False
SMCI,2020-04-22,0.02287886450029264,0.04365629650825976,0.08731259301651952,False,False,False
SMCI,2020-08-13,-0.000768970936491864,0.0388617465448673,0.0777234930897346,False,False,False
SMCI,2020-12-04,0.032355900196874066,0.018854783804785533,0.03770956760957107,False,False,False
SMCI,2021-03-31,0.029520292884097632,0.021002637104537883,0.042005274209075766,False,False,False
SMCI,2021-07-23,0.019755979062941575,0.019504722926843215,0.03900944585368643,False,False,False
SMCI,2021-11-12,-0.013992388039319126,0.04158888518087044,0.08317777036174089,False,False,False
SMCI,2022-03-09,0.027667982327340024,0.02070612179103965,0.0414122435820793,False,False,False
SMCI,2022-07-01,-0.03023537675691168,0.0388271234753628,0.0776542469507256,False,False,False
SMCI,2022-10-24,-0.023554927753222876,0.0408534501126576,0.0817069002253152,False,False,False
SMCI,2023-02-16,0.03096775278547259,0.04073562651184782,0.08147125302369564,False,False,False
SMCI,2023-06-12,-0.011503500377591735,0.05815093507995122,0.11630187015990244,False,False,False
SMCI,2023-10-04,0.038633966179515866,0.03878856639595625,0.0775771327919125,False,False,False
SMCI,2024-01-29,0.0453864892058109,0.0853063460318945,0.170612692063789,False,False,False
SMCI,2024-05-21,-0.005520284142921383,0.06078363296176998,0.12156726592353996,False,False,False
SMCI,2024-09-13,0.03399448826173712,0.05991029352018313,0.11982058704036626,False,False,False
SMCI,2025-01-07,-0.0567901138956598,0.05407468441607201,0.10814936883214402,False,False,False
SMCI,2025-05-02,0.02994193571471615,0.07048806252199004,0.14097612504398008,False,False,False
SMCI,2025-08-26,0.006580461028716567,0.047484049099778186,0.09496809819955637,False,False,False
SMCI,2025-12-17,-0.057485777119262504,0.027973974370844187,0.055947948741688375,True,False,False
SMCI,2026-04-14,0.04736239823281263,0.08950085812413504,0.17900171624827008,False,False,False
SMCI,2026-08-07,0.05956433117727622,0.06762404141221388,0.13524808282442777,False,False,False
CVNA,2018-07-09,-0.049819828945157574,0.04684752549993918,0.09369505099987836,False,False,False
CVNA,2018-09-05,-0.07707158264471425,0.029086436271611133,0.058172872543222266,True,False,False
CVNA,2018-11-01,0.14554842056766626,0.045054999747066525,0.09010999949413305,True,False,False
CVNA,2019-01-04,0.019542899706884942,0.05207597069497146,0.10415194138994292,False,False,False
CVNA,2019-03-06,0.05460610496678875,0.05475416884936046,0.10950833769872093,False,False,False
CVNA,2019-05-06,-0.0019395870172659313,0.023387320822442745,0.04677464164488549,False,False,False
CVNA,2019-07-03,-0.008191649925161637,0.03773168837398735,0.0754633767479747,False,False,False
CVNA,2019-09-03,-0.01897489883661385,0.06458515606801003,0.12917031213602007,False,False,False
CVNA,2019-10-30,-0.026095137713546324,0.02925240928557705,0.0585048185711541,False,False,False
CVNA,2019-12-31,-0.002492388845730553,0.029629096290736612,0.059258192581473225,False,False,False
CVNA,2020-03-02,-0.006633735706963573,0.05556787997728473,0.11113575995456947,False,False,False
CVNA,2020-04-29,0.023264320692089946,0.08856789932114288,0.17713579864228576,False,False,False
CVNA,2020-06-29,0.02521075909664039,0.06744907877061705,0.1348981575412341,False,False,False
CVNA,2020-08-26,0.024096995914046015,0.07313151071191526,0.14626302142383052,False,False,False
CVNA,2020-10-26,-0.00621789632170866,0.04125677912248966,0.08251355824497932,False,False,False
CVNA,2020-12-23,-0.07381999162001884,0.03877926825425087,0.07755853650850174,False,False,False
CVNA,2021-02-25,-0.07468239973835011,0.037557481826826986,0.07511496365365397,False,False,False
CVNA,2021-04-26,0.05891869162514052,0.028413435666293337,0.056826871332586675,True,False,False
CVNA,2021-06-24,-0.032472257903743085,0.023604961382752504,0.04720992276550501,False,False,False
CVNA,2021-08-23,0.022358121047920454,0.01637568798276549,0.03275137596553098,False,False,False
CVNA,2021-10-20,-0.006257493975309503,0.013896518689197657,0.027793037378395315,False,False,False
CVNA,2021-12-20,-0.08041497779281048,0.042449262421651056,0.08489852484330211,False,False,False
CVNA,2022-02-17,-0.024455395363073507,0.06933998296688172,0.13867996593376344,False,False,False
CVNA,2022-04-20,-0.09108775096852695,0.06160639617853991,0.12321279235707983,False,False,False
CVNA,2022-06-17,0.13411211532863154,0.09528816319216678,0.19057632638433356,False,False,False
CVNA,2022-08-18,-0.035469593318052106,0.11081894715422527,0.22163789430845054,False,False,False
CVNA,2022-10-17,0.0630105256100364,0.0705577742168258,0.1411155484336516,False,False,False
CVNA,2022-12-15,0.03992389189757617,0.14054763155876637,0.28109526311753275,False,False,False
CVNA,2023-02-15,0.18376867704825361,0.1234558145856013,0.2469116291712026,False,False,False
CVNA,2023-04-18,-0.02869759643287917,0.06744680867675655,0.1348936173535131,False,False,False
CVNA,2023-06-15,0.12735047359203389,0.15526883286559862,0.31053766573119723,False,False,False
CVNA,2023-08-15,-0.043076241256148506,0.1129903437084622,0.2259806874169244,False,False,False
CVNA,2023-10-13,0.0,0.0427213711388896,0.0854427422777792,False,True,False
CVNA,2023-12-12,-0.008285210152836342,0.06091081600579437,0.12182163201158874,False,False,False
CVNA,2024-02-13,-0.059876964279306666,0.04701662010902826,0.09403324021805652,False,False,False
CVNA,2024-04-12,-0.06775231497810541,0.03242071684941534,0.06484143369883068,True,False,False
CVNA,2024-06-12,0.06674996814826617,0.023306529603673444,0.04661305920734689,True,False,False
CVNA,2024-08-12,-0.017951768300362603,0.04749371417897486,0.09498742835794972,False,False,False
CVNA,2024-10-10,0.007891809268748773,0.026413079172230652,0.052826158344461305,False,False,False
CVNA,2024-12-09,-0.02858168081290513,0.01909639040676538,0.03819278081353076,False,False,False
CVNA,2025-02-10,0.014162932372149495,0.029099330229533656,0.05819866045906731,False,False,False
CVNA,2025-04-10,-0.07612054782193733,0.09457814432256592,0.18915628864513184,False,False,False
CVNA,2025-06-10,-0.004148234837024978,0.022630619646324478,0.045261239292648955,False,False,False
CVNA,2025-08-11,-0.006646305370923811,0.04471154776259647,0.08942309552519294,False,False,False
CVNA,2025-10-08,-0.02538410174284622,0.02949985205990362,0.05899970411980724,False,False,False
CVNA,2025-12-08,0.12059431678160437,0.0314205563683824,0.0628411127367648,True,False,False
CVNA,2026-02-06,0.052073317669170116,0.04324033084723993,0.08648066169447986,False,False,False
CVNA,2026-04-09,-0.03506389147754463,0.039788693277246365,0.07957738655449273,False,False,False
CVNA,2026-06-08,0.0442037996930118,0.03432041687131306,0.06864083374262613,False,False,False
CVNA,2026-08-07,0.03672815731245249,0.040554284799731014,0.08110856959946203,False,False,False
PLUG,2011-03-14,-0.04615387549767125,0.018412509537276002,0.036825019074552004,True,False,False
PLUG,2011-07-06,-0.008771921569070362,0.039771521264161884,0.07954304252832377,False,False,False
PLUG,2011-10-26,-0.06451617510690377,0.047562888588123235,0.09512577717624647,False,False,False
PLUG,2012-02-21,0.00865800061555344,0.04165031631670397,0.08330063263340794,False,False,False
PLUG,2012-06-13,0.008547000709448138,0.019676800915101964,0.03935360183020393,False,False,False
PLUG,2012-10-04,0.011904821881092875,0.03733804099960885,0.0746760819992177,False,False,False
PLUG,2013-01-31,-0.021739174096029212,0.06419680820791111,0.12839361641582223,False,False,False
PLUG,2013-05-24,0.17857147038591115,0.13811368407582889,0.27622736815165777,False,False,False
PLUG,2013-09-17,-0.0483871463930442,0.08398208141133602,0.16796416282267204,False,False,False
PLUG,2014-01-09,-0.27032971558917895,0.15104331200212356,0.30208662400424713,False,False,False
PLUG,2014-05-05,-0.09777779049343538,0.04971727618230869,0.09943455236461737,False,True,False
PLUG,2014-08-26,-0.04326126771715766,0.027199906148992634,0.05439981229798527,False,False,False
PLUG,2014-12-17,0.07692309035889422,0.038411055504886514,0.07682211100977303,True,False,False
PLUG,2015-04-14,0.03088809450802321,0.025147393265659776,0.05029478653131955,False,False,False
PLUG,2015-08-05,0.022058802260453758,0.0409853760217687,0.0819707520435374,False,False,False
PLUG,2015-11-25,0.06701024339586703,0.06675012026831086,0.1335002405366217,False,False,False
PLUG,2016-03-22,0.004830913423070182,0.03521912483118391,0.07043824966236782,False,False,False
PLUG,2016-07-14,-0.0057471209243954435,0.029143308542720292,0.058286617085440584,False,False,False
PLUG,2016-11-03,0.0,0.02217100654108723,0.04434201308217446,False,False,False
PLUG,2017-03-01,-0.009259250061012025,0.09759833129460448,0.19519666258920895,False,False,False
PLUG,2017-06-22,0.02790694889215195,0.04070945399621481,0.08141890799242962,False,False,False
PLUG,2017-10-13,-0.0243902216146471,0.049601313111007454,0.09920262622201491,False,False,False
PLUG,2018-02-07,0.07608694736696164,0.023916738378498,0.047833476756996,True,False,False
PLUG,2018-06-01,0.010695176938777973,0.03809328354335065,0.0761865670867013,False,False,False
PLUG,2018-09-24,-0.01052630588288439,0.026382686324578807,0.052765372649157614,False,False,False
PLUG,2019-01-18,-0.014285700905079524,0.08718530148470788,0.17437060296941576,False,False,False
PLUG,2019-05-14,0.02242150308907087,0.024783115693433517,0.049566231386867034,False,False,False
PLUG,2019-09-05,0.009302316297383761,0.025333573815937864,0.05066714763187573,False,False,False
PLUG,2019-12-27,-0.022222276045109846,0.04033524238982985,0.0806704847796597,False,False,False
PLUG,2020-04-22,0.026066383645343416,0.04720567055475499,0.09441134110950998,False,False,False
PLUG,2020-08-13,0.0686735215782941,0.06566763920695706,0.13133527841391412,False,False,False
PLUG,2020-12-04,0.041928720503373595,0.059839078888631256,0.11967815777726251,False,False,False
PLUG,2021-03-31,0.05287894208720423,0.07179788924182746,0.14359577848365493,False,False,False
PLUG,2021-07-23,-0.019026727377068897,0.03402720673849271,0.06805441347698542,False,False,False
PLUG,2021-11-12,-0.006906060003328052,0.04181311248694449,0.08362622497388898,False,False,False
PLUG,2022-03-09,0.0238467792091841,0.05867956668609964,0.11735913337219928,False,False,False
PLUG,2022-07-01,0.036813555919503305,0.05561236367308762,0.11122472734617524,False,False,False
PLUG,2022-10-24,-0.04608855302793624,0.0457239788797915,0.091447957759583,False,False,False
PLUG,2023-02-16,-0.055456188419198194,0.047399479470258035,0.09479895894051607,False,False,False
PLUG,2023-06-12,0.13086148301866962,0.05189204293227906,0.10378408586455812,True,False,False
PLUG,2023-10-04,0.0,0.03614889039015971,0.07229778078031943,False,False,False
PLUG,2024-01-29,0.11470583986658633,0.09453696352985061,0.18907392705970122,False,False,False
PLUG,2024-05-21,-0.03750003818422498,0.07122952561961843,0.14245905123923686,False,False,False
PLUG,2024-09-13,0.010309268214748979,0.048312305840706386,0.09662461168141277,False,False,False
PLUG,2025-01-07,-0.06349207670750479,0.07727217591441528,0.15454435182883056,False,False,False
PLUG,2025-05-02,-0.01176476445577379,0.08778641733338752,0.17557283466677504,False,False,False
PLUG,2025-08-26,-0.01197603679070025,0.04958570119885275,0.0991714023977055,False,False,False
PLUG,2025-12-17,-0.05676850575890213,0.04419982613522404,0.08839965227044808,False,False,False
PLUG,2026-04-14,0.06137186912076564,0.04490318733471823,0.08980637466943646,False,False,False
PLUG,2026-08-07,0.053140162831832205,0.040527859797909585,0.08105571959581917,False,False,False
RKLB,2022-02-03,-0.041401309996187186,0.04571322242151014,0.09142644484302027,False,False,False
RKLB,2022-03-09,0.03760278333932132,0.05392792994001902,0.10785585988003804,False,False,False
RKLB,2022-04-11,0.0038461195176413554,0.043598017861847936,0.08719603572369587,False,False,False
RKLB,2022-05-13,0.12909442560830509,0.04294535380183142,0.08589070760366284,True,False,False
RKLB,2022-06-16,-0.04387992160929133,0.05643778493520061,0.11287556987040122,False,False,False
RKLB,2022-07-21,-0.0022882728390274387,0.033323929391189895,0.06664785878237979,False,False,False
RKLB,2022-08-23,-0.02550088749039814,0.0647552115941031,0.1295104231882062,False,False,False
RKLB,2022-09-26,0.026699062274240237,0.046174360651818944,0.09234872130363789,False,False,False
RKLB,2022-10-27,0.021321941026122948,0.04282075928346491,0.08564151856692982,False,False,False
RKLB,2022-11-30,0.05808081233784823,0.05381339506408442,0.10762679012816884,False,False,False
RKLB,2023-01-04,0.043927669592007224,0.026421841240946445,0.05284368248189289,False,False,False
RKLB,2023-02-07,-0.004065036710645509,0.043564360414734486,0.08712872082946897,False,False,False
RKLB,2023-03-13,0.007672626785478975,0.03824755907148581,0.07649511814297162,False,False,False
RKLB,2023-04-14,-0.02189784663362837,0.027625746870957032,0.055251493741914064,False,False,False
RKLB,2023-05-17,0.051401817618486056,0.024279305173387486,0.04855861034677497,True,False,False
RKLB,2023-06-21,0.015490559978359242,0.04289352760106799,0.08578705520213598,False,False,False
RKLB,2023-07-25,0.031123142520822045,0.05016359551229228,0.10032719102458457,False,False,False
RKLB,2023-08-28,0.02417959713436524,0.030215452082397832,0.060430904164795664,False,False,False
RKLB,2023-09-29,0.009216580748085068,0.03427840813838854,0.06855681627677708,False,False,False
RKLB,2023-11-01,0.0023640075649142833,0.03420692847125702,0.06841385694251403,False,False,False
RKLB,2023-12-05,-0.028384304935910154,0.026046994446832235,0.05209398889366447,False,False,False
RKLB,2024-01-09,-0.018018086132081,0.06877145284104251,0.13754290568208502,False,False,False
RKLB,2024-02-12,0.08755751710680704,0.04592328209021688,0.09184656418043376,False,False,False
RKLB,2024-03-15,-0.011990453194260065,0.02552703571242195,0.0510540714248439,False,False,False
RKLB,2024-04-18,-0.005602235658404231,0.02262885606392045,0.0452577121278409,False,False,False
RKLB,2024-05-21,0.013636350336153846,0.031774965234226016,0.06354993046845203,False,False,False
RKLB,2024-06-25,-0.01863357225869966,0.03984110780776544,0.07968221561553088,False,False,False
RKLB,2024-07-29,-0.014814800424667651,0.030457644969115658,0.060915289938231316,False,False,False
RKLB,2024-08-29,0.022988483247591285,0.06561047274435983,0.13122094548871965,False,False,False
RKLB,2024-10-02,0.05200439000177304,0.05351404254153751,0.10702808508307501,False,False,False
RKLB,2024-11-04,-0.014886171204747667,0.03942298244955552,0.07884596489911104,False,False,False
RKLB,2024-12-06,0.03177258471813471,0.08153463152818496,0.16306926305636993,False,False,False
RKLB,2025-01-13,-0.11148272081051336,0.06011651006068959,0.12023302012137918,False,False,False
RKLB,2025-02-18,-0.009992886583552019,0.08063230984712824,0.16126461969425648,False,False,False
RKLB,2025-03-21,0.022126272650793588,0.058622855523806944,0.11724571104761389,False,False,False
RKLB,2025-04-24,0.07836363595343543,0.06952664199103555,0.1390532839820711,False,False,False
RKLB,2025-05-28,0.005910990088352719,0.05043827248811738,0.10087654497623476,False,False,False
RKLB,2025-07-01,-0.04025715986247469,0.05114413122824837,0.10228826245649673,False,False,False
RKLB,2025-08-04,-0.006025450780829611,0.048969852480011775,0.09793970496002355,False,False,False
RKLB,2025-09-05,0.06629444900786363,0.04462005694191674,0.08924011388383347,False,False,False
RKLB,2025-10-08,0.06177856187211539,0.05523438306936648,0.11046876613873297,False,False,False
RKLB,2025-11-10,0.005034898127488807,0.04797030528253437,0.09594061056506874,False,False,False
RKLB,2025-12-12,-0.03211076877109709,0.056224237571747195,0.11244847514349439,False,False,False
RKLB,2026-01-16,0.06104011442410262,0.06186587676375439,0.12373175352750879,False,False,False
RKLB,2026-02-20,-0.07469314552018658,0.06405716279916497,0.12811432559832994,False,False,False
RKLB,2026-03-25,0.10307246238911705,0.04810181094353343,0.09620362188706685,True,False,False
RKLB,2026-04-28,-0.044962991086059945,0.051301883780799966,0.10260376756159993,False,False,False
RKLB,2026-06-01,-0.1469891062579861,0.09137856182983436,0.18275712365966873,False,False,False
RKLB,2026-07-06,-0.07336256035981947,0.06877967073332981,0.13755934146665963,False,False,False
RKLB,2026-08-07,0.09462143300338832,0.05709651059613125,0.1141930211922625,False,False,False
IONQ,2022-03-14,-0.0746147673955071,0.06469969242724341,0.12939938485448682,False,False,False
IONQ,2022-04-13,0.03457689921337059,0.046408487905591864,0.09281697581118373,False,False,False
IONQ,2022-05-17,0.17489709491384509,0.07330151429184993,0.14660302858369986,True,False,False
IONQ,2022-06-17,0.05882347048478298,0.05977286749320768,0.11954573498641537,False,False,False
IONQ,2022-07-22,-0.07224336462086012,0.043900066246408125,0.08780013249281625,False,False,False
IONQ,2022-08-23,0.0015575937579195287,0.09216170687759412,0.18432341375518824,False,False,False
IONQ,2022-09-26,0.004192868135531658,0.041099788724507515,0.08219957744901503,False,False,False
IONQ,2022-10-26,0.02407409484167289,0.048795581129599,0.097591162259198,False,False,False
IONQ,2022-11-29,-0.02226723324701685,0.06283105161705635,0.1256621032341127,False,False,False
IONQ,2022-12-30,-0.02542370484156764,0.04960385506670312,0.09920771013340624,False,False,False
IONQ,2023-02-03,0.001821535391393958,0.04721467967394179,0.09442935934788357,False,False,False
IONQ,2023-03-08,0.024291474528160384,0.050928517658007315,0.10185703531601463,False,False,False
IONQ,2023-04-11,-0.010218933693251442,0.06778189076161632,0.13556378152323265,False,False,False
IONQ,2023-05-11,0.010071967421935613,0.039629579993142344,0.07925915998628469,False,False,False
IONQ,2023-06-14,-0.06491067983341292,0.08296596924587071,0.16593193849174143,False,False,False
IONQ,2023-07-18,0.05436244566136428,0.0679619461219303,0.1359238922438606,False,False,False
IONQ,2023-08-18,0.031514207547969075,0.07116897382055766,0.14233794764111532,False,False,False
IONQ,2023-09-21,-0.08581084063490219,0.059919078855375486,0.11983815771075097,False,False,False
IONQ,2023-10-23,0.003971420979259177,0.049814434430177496,0.09962886886035499,False,False,False
IONQ,2023-11-24,-0.004830951630283797,0.049886975749756875,0.09977395149951375,False,False,False
IONQ,2023-12-27,-0.02292902434324151,0.045426429006381185,0.09085285801276237,False,False,False
IONQ,2024-01-31,-0.03928897465911496,0.03418987610629611,0.06837975221259222,False,False,False
IONQ,2024-03-04,-0.05347089146184136,0.0422205099519329,0.0844410199038658,False,False,False
IONQ,2024-04-05,0.00986843790759262,0.0434528590918706,0.0869057181837412,False,False,False
IONQ,2024-05-07,-0.0700430643570894,0.04083076069930954,0.08166152139861908,False,False,False
IONQ,2024-06-10,0.04580154292611183,0.028386227857298874,0.05677245571459775,False,False,False
IONQ,2024-07-12,0.05361587617930974,0.03552344413542016,0.07104688827084032,False,False,False
IONQ,2024-08-14,0.004120842322335783,0.06197994505083315,0.1239598901016663,False,False,False
IONQ,2024-09-16,0.007731951161061623,0.03813811285707957,0.07627622571415914,False,False,False
IONQ,2024-10-17,0.016260146842582035,0.07787834750419476,0.1557566950083895,False,False,False
IONQ,2024-11-18,-0.13417981912522214,0.09984342991220516,0.1996868598244103,False,False,False
IONQ,2024-12-20,0.17637712244320047,0.09577982732113884,0.19155965464227767,False,False,False
IONQ,2025-01-27,-0.05446510052560649,0.13923275401133697,0.27846550802267395,False,False,False
IONQ,2025-02-28,-0.013649143101990502,0.04944144882669445,0.0988828976533889,False,False,False
IONQ,2025-04-02,0.0802069279934372,0.08503567131142828,0.17007134262285656,False,False,False
IONQ,2025-05-05,-0.03557569142158856,0.07770944110249785,0.1554188822049957,False,False,False
IONQ,2025-06-06,0.06437535788801041,0.09486143944245984,0.18972287888491968,False,False,False
IONQ,2025-07-10,0.008121135222389997,0.04427500670100928,0.08855001340201855,False,False,False
IONQ,2025-08-12,-0.043168640097732136,0.03859463581045026,0.07718927162090052,False,False,False
IONQ,2025-09-12,0.1819341447841818,0.040890430698176314,0.08178086139635263,True,False,False
IONQ,2025-10-15,-0.06627980899263075,0.06357033762039307,0.12714067524078615,False,True,False
IONQ,2025-11-14,0.03920702025268086,0.05617280289421842,0.11234560578843684,False,False,False
IONQ,2025-12-18,0.012868051738778252,0.06660249502054455,0.1332049900410891,False,False,False
IONQ,2026-01-22,0.02069108135968345,0.04750481702908426,0.09500963405816852,False,False,False
IONQ,2026-02-25,0.0623023169218313,0.06366459908347025,0.1273291981669405,False,False,False
IONQ,2026-03-27,-0.07808310696352261,0.027083902581415287,0.054167805162830575,True,False,False
IONQ,2026-04-30,0.07147941766577137,0.07193331180483434,0.14386662360966868,False,False,False
IONQ,2026-06-02,0.030600502077600567,0.06731513308990131,0.13463026617980262,False,False,False
IONQ,2026-07-07,-0.07182317164412988,0.0609332640733668,0.1218665281467336,False,False,False
IONQ,2026-08-07,0.11858003372914494,0.05682036785481246,0.11364073570962492,True,False,False
