challenger,baseline,comparisons,wins,losses,ties,win_rate_excluding_ties
ARIMA,Chronos-LoRA-V1,40,25,15,0,0.625
ARIMA,Chronos-LoRA-V2,40,23,17,0,0.575
ARIMA,Chronos-LoRA-V3,40,23,17,0,0.575
ARIMA,Chronos-LoRA-V4,40,25,15,0,0.625
ARIMA,EGARCH,10,1,9,0,0.1
ARIMA,ETS,40,19,21,0,0.475
ARIMA,GARCH,40,13,27,0,0.325
ARIMA,GJR-GARCH,40,13,27,0,0.325
ARIMA,LightGBM,40,36,4,0,0.9
ARIMA,Naive,40,15,25,0,0.375
ARIMA,XGBoost,40,34,6,0,0.85
Chronos-LoRA-V1,ARIMA,40,15,25,0,0.375
Chronos-LoRA-V1,Chronos-LoRA-V2,40,20,20,0,0.5
Chronos-LoRA-V1,Chronos-LoRA-V3,40,18,22,0,0.45
Chronos-LoRA-V1,Chronos-LoRA-V4,40,20,20,0,0.5
Chronos-LoRA-V1,EGARCH,10,4,6,0,0.4
Chronos-LoRA-V1,ETS,40,16,24,0,0.4
Chronos-LoRA-V1,GARCH,40,9,31,0,0.225
Chronos-LoRA-V1,GJR-GARCH,40,10,30,0,0.25
Chronos-LoRA-V1,LightGBM,40,37,3,0,0.925
Chronos-LoRA-V1,Naive,40,16,24,0,0.4
Chronos-LoRA-V1,XGBoost,40,38,2,0,0.95
Chronos-LoRA-V2,ARIMA,40,17,23,0,0.425
Chronos-LoRA-V2,Chronos-LoRA-V1,40,20,20,0,0.5
Chronos-LoRA-V2,Chronos-LoRA-V3,40,16,24,0,0.4
Chronos-LoRA-V2,Chronos-LoRA-V4,40,23,17,0,0.575
Chronos-LoRA-V2,EGARCH,10,5,5,0,0.5
Chronos-LoRA-V2,ETS,40,17,23,0,0.425
Chronos-LoRA-V2,GARCH,40,11,29,0,0.275
Chronos-LoRA-V2,GJR-GARCH,40,13,27,0,0.325
Chronos-LoRA-V2,LightGBM,40,36,4,0,0.9
Chronos-LoRA-V2,Naive,40,16,24,0,0.4
Chronos-LoRA-V2,XGBoost,40,37,3,0,0.925
Chronos-LoRA-V3,ARIMA,40,17,23,0,0.425
Chronos-LoRA-V3,Chronos-LoRA-V1,40,22,18,0,0.55
Chronos-LoRA-V3,Chronos-LoRA-V2,40,24,16,0,0.6
Chronos-LoRA-V3,Chronos-LoRA-V4,40,24,16,0,0.6
Chronos-LoRA-V3,EGARCH,10,4,6,0,0.4
Chronos-LoRA-V3,ETS,40,17,23,0,0.425
Chronos-LoRA-V3,GARCH,40,10,30,0,0.25
Chronos-LoRA-V3,GJR-GARCH,40,11,29,0,0.275
Chronos-LoRA-V3,LightGBM,40,37,3,0,0.925
Chronos-LoRA-V3,Naive,40,16,24,0,0.4
Chronos-LoRA-V3,XGBoost,40,38,2,0,0.95
Chronos-LoRA-V4,ARIMA,40,15,25,0,0.375
Chronos-LoRA-V4,Chronos-LoRA-V1,40,20,20,0,0.5
Chronos-LoRA-V4,Chronos-LoRA-V2,40,17,23,0,0.425
Chronos-LoRA-V4,Chronos-LoRA-V3,40,16,24,0,0.4
Chronos-LoRA-V4,EGARCH,10,4,6,0,0.4
Chronos-LoRA-V4,ETS,40,17,23,0,0.425
Chronos-LoRA-V4,GARCH,40,9,31,0,0.225
Chronos-LoRA-V4,GJR-GARCH,40,10,30,0,0.25
Chronos-LoRA-V4,LightGBM,40,35,5,0,0.875
Chronos-LoRA-V4,Naive,40,16,24,0,0.4
Chronos-LoRA-V4,XGBoost,40,38,2,0,0.95
EGARCH,ARIMA,10,9,1,0,0.9
EGARCH,Chronos-LoRA-V1,10,6,4,0,0.6
EGARCH,Chronos-LoRA-V2,10,5,5,0,0.5
EGARCH,Chronos-LoRA-V3,10,6,4,0,0.6
EGARCH,Chronos-LoRA-V4,10,6,4,0,0.6
EGARCH,ETS,10,9,1,0,0.9
EGARCH,GARCH,10,2,8,0,0.2
EGARCH,GJR-GARCH,10,3,7,0,0.3
EGARCH,LightGBM,10,9,1,0,0.9
EGARCH,Naive,10,6,4,0,0.6
EGARCH,XGBoost,10,9,1,0,0.9
ETS,ARIMA,40,21,19,0,0.525
ETS,Chronos-LoRA-V1,40,24,16,0,0.6
ETS,Chronos-LoRA-V2,40,23,17,0,0.575
ETS,Chronos-LoRA-V3,40,23,17,0,0.575
ETS,Chronos-LoRA-V4,40,23,17,0,0.575
ETS,EGARCH,10,1,9,0,0.1
ETS,GARCH,40,9,31,0,0.225
ETS,GJR-GARCH,40,9,31,0,0.225
ETS,LightGBM,40,37,3,0,0.925
ETS,Naive,40,22,18,0,0.55
ETS,XGBoost,40,36,4,0,0.9
GARCH,ARIMA,40,27,13,0,0.675
GARCH,Chronos-LoRA-V1,40,31,9,0,0.775
GARCH,Chronos-LoRA-V2,40,29,11,0,0.725
GARCH,Chronos-LoRA-V3,40,30,10,0,0.75
GARCH,Chronos-LoRA-V4,40,31,9,0,0.775
GARCH,EGARCH,10,8,2,0,0.8
GARCH,ETS,40,31,9,0,0.775
GARCH,GJR-GARCH,40,28,12,0,0.7
GARCH,LightGBM,40,37,3,0,0.925
GARCH,Naive,40,25,15,0,0.625
GARCH,XGBoost,40,38,2,0,0.95
GJR-GARCH,ARIMA,40,27,13,0,0.675
GJR-GARCH,Chronos-LoRA-V1,40,30,10,0,0.75
GJR-GARCH,Chronos-LoRA-V2,40,27,13,0,0.675
GJR-GARCH,Chronos-LoRA-V3,40,29,11,0,0.725
GJR-GARCH,Chronos-LoRA-V4,40,30,10,0,0.75
GJR-GARCH,EGARCH,10,7,3,0,0.7
GJR-GARCH,ETS,40,31,9,0,0.775
GJR-GARCH,GARCH,40,12,28,0,0.3
GJR-GARCH,LightGBM,40,37,3,0,0.925
GJR-GARCH,Naive,40,25,15,0,0.625
GJR-GARCH,XGBoost,40,37,3,0,0.925
LightGBM,ARIMA,40,4,36,0,0.1
LightGBM,Chronos-LoRA-V1,40,3,37,0,0.075
LightGBM,Chronos-LoRA-V2,40,4,36,0,0.1
LightGBM,Chronos-LoRA-V3,40,3,37,0,0.075
LightGBM,Chronos-LoRA-V4,40,5,35,0,0.125
LightGBM,EGARCH,10,1,9,0,0.1
LightGBM,ETS,40,3,37,0,0.075
LightGBM,GARCH,40,3,37,0,0.075
LightGBM,GJR-GARCH,40,3,37,0,0.075
LightGBM,Naive,40,3,37,0,0.075
LightGBM,XGBoost,40,10,30,0,0.25
Naive,ARIMA,40,25,15,0,0.625
Naive,Chronos-LoRA-V1,40,24,16,0,0.6
Naive,Chronos-LoRA-V2,40,24,16,0,0.6
Naive,Chronos-LoRA-V3,40,24,16,0,0.6
Naive,Chronos-LoRA-V4,40,24,16,0,0.6
Naive,EGARCH,10,4,6,0,0.4
Naive,ETS,40,18,22,0,0.45
Naive,GARCH,40,15,25,0,0.375
Naive,GJR-GARCH,40,15,25,0,0.375
Naive,LightGBM,40,37,3,0,0.925
Naive,XGBoost,40,35,5,0,0.875
XGBoost,ARIMA,40,6,34,0,0.15
XGBoost,Chronos-LoRA-V1,40,2,38,0,0.05
XGBoost,Chronos-LoRA-V2,40,3,37,0,0.075
XGBoost,Chronos-LoRA-V3,40,2,38,0,0.05
XGBoost,Chronos-LoRA-V4,40,2,38,0,0.05
XGBoost,EGARCH,10,1,9,0,0.1
XGBoost,ETS,40,4,36,0,0.1
XGBoost,GARCH,40,2,38,0,0.05
XGBoost,GJR-GARCH,40,3,37,0,0.075
XGBoost,LightGBM,40,30,10,0,0.75
XGBoost,Naive,40,5,35,0,0.125
