model,lead,observations,empirical_coverage,lower_breach_rate,upper_breach_rate,mean_interval_width,coverage_error_vs_80pct
Chronos-2,1,2000,0.789,0.086,0.125,0.08666143644903787,-0.01100000000000001
Chronos-2,2,1500,0.7913333333333333,0.10733333333333334,0.10133333333333333,0.08764600255619734,-0.008666666666666711
Chronos-2,3,1500,0.82,0.09133333333333334,0.08866666666666667,0.08761753695613395,0.019999999999999907
Chronos-2,4,1500,0.788,0.11333333333333333,0.09866666666666667,0.08729187264479697,-0.01200000000000001
Chronos-2,5,1500,0.792,0.09133333333333334,0.11666666666666667,0.08727211221959442,-0.008000000000000007
Chronos-2,6,1000,0.793,0.079,0.128,0.08704788755113259,-0.007000000000000006
Chronos-2,7,1000,0.827,0.075,0.098,0.08699676784547046,0.026999999999999913
Chronos-2,8,1000,0.801,0.101,0.098,0.08790364653011784,0.0010000000000000009
Chronos-2,9,1000,0.814,0.08,0.106,0.08816280849650503,0.013999999999999901
Chronos-2,10,1000,0.795,0.117,0.088,0.08822470064042136,-0.0050000000000000044
Chronos-2,11,500,0.776,0.112,0.112,0.08858725500851869,-0.02400000000000002
Chronos-2,12,500,0.818,0.1,0.082,0.0887003578953445,0.017999999999999905
Chronos-2,13,500,0.798,0.122,0.08,0.08909271118510514,-0.0020000000000000018
Chronos-2,14,500,0.808,0.086,0.106,0.08965135812293738,0.008000000000000007
Chronos-2,15,500,0.808,0.092,0.1,0.08880599817167968,0.008000000000000007
Chronos-2,16,500,0.768,0.13,0.102,0.08913115624058991,-0.03200000000000003
Chronos-2,17,500,0.78,0.118,0.102,0.08788157915044575,-0.020000000000000018
Chronos-2,18,500,0.808,0.078,0.114,0.08818317950796337,0.008000000000000007
Chronos-2,19,500,0.776,0.098,0.126,0.08821577297057956,-0.02400000000000002
Chronos-2,20,500,0.794,0.112,0.094,0.08822636396065354,-0.006000000000000005
Chronos-LoRA-V1,1,2000,0.7835,0.089,0.1275,0.08606412903848104,-0.01650000000000007
Chronos-LoRA-V1,2,1500,0.8006666666666666,0.10066666666666667,0.09866666666666667,0.08700420434089999,0.0006666666666665932
Chronos-LoRA-V1,3,1500,0.8253333333333334,0.08866666666666667,0.086,0.08685767762207737,0.02533333333333332
Chronos-LoRA-V1,4,1500,0.79,0.108,0.102,0.08623379569811125,-0.010000000000000009
Chronos-LoRA-V1,5,1500,0.7946666666666666,0.09,0.11533333333333333,0.0864659547706445,-0.005333333333333412
Chronos-LoRA-V1,6,1000,0.796,0.079,0.125,0.08610858746431768,-0.0040000000000000036
Chronos-LoRA-V1,7,1000,0.827,0.073,0.1,0.08599187442380934,0.026999999999999913
Chronos-LoRA-V1,8,1000,0.801,0.104,0.095,0.08669660690007731,0.0010000000000000009
Chronos-LoRA-V1,9,1000,0.814,0.078,0.108,0.08710503290360794,0.013999999999999901
Chronos-LoRA-V1,10,1000,0.794,0.117,0.089,0.08707647645706311,-0.006000000000000005
Chronos-LoRA-V1,11,500,0.774,0.116,0.11,0.08762898360937833,-0.026000000000000023
Chronos-LoRA-V1,12,500,0.814,0.102,0.084,0.08769133695680648,0.013999999999999901
Chronos-LoRA-V1,13,500,0.788,0.124,0.088,0.0876979035064578,-0.01200000000000001
Chronos-LoRA-V1,14,500,0.804,0.086,0.11,0.08825025639124215,0.0040000000000000036
Chronos-LoRA-V1,15,500,0.812,0.084,0.104,0.08734561302512885,0.01200000000000001
Chronos-LoRA-V1,16,500,0.772,0.124,0.104,0.08786507644318044,-0.028000000000000025
Chronos-LoRA-V1,17,500,0.782,0.118,0.1,0.08665953583642841,-0.018000000000000016
Chronos-LoRA-V1,18,500,0.81,0.072,0.118,0.0869789518006146,0.010000000000000009
Chronos-LoRA-V1,19,500,0.78,0.096,0.124,0.08689261479768902,-0.020000000000000018
Chronos-LoRA-V1,20,500,0.792,0.112,0.096,0.08654075816832482,-0.008000000000000007
Chronos-LoRA-V2,1,2000,0.785,0.0875,0.1275,0.08237277030246332,-0.015000000000000013
Chronos-LoRA-V2,2,1500,0.776,0.11866666666666667,0.10533333333333333,0.08298115662174921,-0.02400000000000002
Chronos-LoRA-V2,3,1500,0.814,0.092,0.094,0.0832030023081849,0.013999999999999901
Chronos-LoRA-V2,4,1500,0.778,0.118,0.104,0.0821257060530285,-0.02200000000000002
Chronos-LoRA-V2,5,1500,0.7853333333333333,0.09466666666666666,0.12,0.08276915074015657,-0.014666666666666717
Chronos-LoRA-V2,6,1000,0.78,0.088,0.132,0.08214967634761706,-0.020000000000000018
Chronos-LoRA-V2,7,1000,0.806,0.09,0.104,0.08108067992981523,0.006000000000000005
Chronos-LoRA-V2,8,1000,0.786,0.11,0.104,0.0812389864209108,-0.014000000000000012
Chronos-LoRA-V2,9,1000,0.79,0.088,0.122,0.08210341744404286,-0.010000000000000009
Chronos-LoRA-V2,10,1000,0.775,0.126,0.099,0.08220721146697178,-0.025000000000000022
Chronos-LoRA-V2,11,500,0.76,0.116,0.124,0.08243958786129951,-0.040000000000000036
Chronos-LoRA-V2,12,500,0.802,0.106,0.092,0.08238617792818695,0.0020000000000000018
Chronos-LoRA-V2,13,500,0.77,0.134,0.096,0.08310708900727332,-0.030000000000000027
Chronos-LoRA-V2,14,500,0.79,0.094,0.116,0.08373711883462966,-0.010000000000000009
Chronos-LoRA-V2,15,500,0.8,0.096,0.104,0.0828502006046474,0.0
Chronos-LoRA-V2,16,500,0.756,0.132,0.112,0.08413874221220613,-0.04400000000000004
Chronos-LoRA-V2,17,500,0.766,0.13,0.104,0.08235649073775858,-0.03400000000000003
Chronos-LoRA-V2,18,500,0.786,0.084,0.13,0.08255150514934212,-0.014000000000000012
Chronos-LoRA-V2,19,500,0.766,0.104,0.13,0.08268265643995255,-0.03400000000000003
Chronos-LoRA-V2,20,500,0.768,0.124,0.108,0.08173957212362438,-0.03200000000000003
Chronos-LoRA-V3,1,2000,0.78,0.092,0.128,0.08376749471994117,-0.020000000000000018
Chronos-LoRA-V3,2,1500,0.7866666666666666,0.11133333333333334,0.102,0.0843882021366929,-0.01333333333333342
Chronos-LoRA-V3,3,1500,0.8173333333333334,0.092,0.09066666666666667,0.08406213205307722,0.01733333333333331
Chronos-LoRA-V3,4,1500,0.784,0.112,0.104,0.08332253773106883,-0.016000000000000014
Chronos-LoRA-V3,5,1500,0.7833333333333333,0.09866666666666667,0.118,0.08383302219087879,-0.01666666666666672
Chronos-LoRA-V3,6,1000,0.783,0.086,0.131,0.08394738713186234,-0.017000000000000015
Chronos-LoRA-V3,7,1000,0.816,0.08,0.104,0.08351307741366326,0.015999999999999903
Chronos-LoRA-V3,8,1000,0.797,0.107,0.096,0.08396045881696046,-0.0030000000000000027
Chronos-LoRA-V3,9,1000,0.804,0.082,0.114,0.08478031458240003,0.0040000000000000036
Chronos-LoRA-V3,10,1000,0.79,0.118,0.092,0.08493735058838502,-0.010000000000000009
Chronos-LoRA-V3,11,500,0.766,0.12,0.114,0.08520364972762763,-0.03400000000000003
Chronos-LoRA-V3,12,500,0.802,0.108,0.09,0.08481552630197257,0.0020000000000000018
Chronos-LoRA-V3,13,500,0.78,0.128,0.092,0.08509494627825916,-0.020000000000000018
Chronos-LoRA-V3,14,500,0.798,0.09,0.112,0.08567131198756396,-0.0020000000000000018
Chronos-LoRA-V3,15,500,0.81,0.088,0.102,0.08487514791917056,0.010000000000000009
Chronos-LoRA-V3,16,500,0.764,0.132,0.104,0.0854742884663865,-0.03600000000000003
Chronos-LoRA-V3,17,500,0.77,0.134,0.096,0.08394496944826096,-0.030000000000000027
Chronos-LoRA-V3,18,500,0.79,0.084,0.126,0.08417531649023294,-0.010000000000000009
Chronos-LoRA-V3,19,500,0.768,0.104,0.128,0.08383591633848846,-0.03200000000000003
Chronos-LoRA-V3,20,500,0.786,0.114,0.1,0.08318823574390262,-0.014000000000000012
Chronos-LoRA-V4,1,2000,0.7945,0.0795,0.126,0.0835228428915143,-0.00550000000000006
Chronos-LoRA-V4,2,1500,0.7786666666666666,0.11333333333333333,0.108,0.08326290961789588,-0.021333333333333426
Chronos-LoRA-V4,3,1500,0.8106666666666666,0.09133333333333334,0.098,0.08271131005200247,0.010666666666666602
Chronos-LoRA-V4,4,1500,0.7766666666666666,0.11533333333333333,0.108,0.08165669776747624,-0.023333333333333428
Chronos-LoRA-V4,5,1500,0.794,0.08733333333333333,0.11866666666666667,0.08213917513005435,-0.006000000000000005
Chronos-LoRA-V4,6,1000,0.776,0.09,0.134,0.08196060421224684,-0.02400000000000002
Chronos-LoRA-V4,7,1000,0.801,0.093,0.106,0.08055911083705723,0.0010000000000000009
Chronos-LoRA-V4,8,1000,0.795,0.105,0.1,0.08136643292289228,-0.0050000000000000044
Chronos-LoRA-V4,9,1000,0.792,0.086,0.122,0.08233134606759995,-0.008000000000000007
Chronos-LoRA-V4,10,1000,0.779,0.122,0.099,0.08199112583231181,-0.02100000000000002
Chronos-LoRA-V4,11,500,0.756,0.112,0.132,0.08149028899520636,-0.04400000000000004
Chronos-LoRA-V4,12,500,0.798,0.104,0.098,0.08062676686048507,-0.0020000000000000018
Chronos-LoRA-V4,13,500,0.768,0.134,0.098,0.08215967563912273,-0.03200000000000003
Chronos-LoRA-V4,14,500,0.79,0.088,0.122,0.08209159090183675,-0.010000000000000009
Chronos-LoRA-V4,15,500,0.802,0.092,0.106,0.08131696968711913,0.0020000000000000018
Chronos-LoRA-V4,16,500,0.758,0.13,0.112,0.0833751376401633,-0.04200000000000004
Chronos-LoRA-V4,17,500,0.778,0.118,0.104,0.08406718218512833,-0.02200000000000002
Chronos-LoRA-V4,18,500,0.788,0.082,0.13,0.08331206339597702,-0.01200000000000001
Chronos-LoRA-V4,19,500,0.762,0.1,0.138,0.08266370283998549,-0.038000000000000034
Chronos-LoRA-V4,20,500,0.774,0.118,0.108,0.0816119203735143,-0.026000000000000023
Chronos-LoRA-V5,1,2000,0.769,0.082,0.149,0.08154440399911254,-0.031000000000000028
Chronos-LoRA-V5,2,1500,0.7586666666666667,0.12266666666666666,0.11866666666666667,0.08180813945798825,-0.04133333333333333
Chronos-LoRA-V5,3,1500,0.7953333333333333,0.102,0.10266666666666667,0.08169642154624064,-0.004666666666666708
Chronos-LoRA-V5,4,1500,0.7673333333333333,0.114,0.11866666666666667,0.08127826746118566,-0.03266666666666673
Chronos-LoRA-V5,5,1500,0.7826666666666666,0.092,0.12533333333333332,0.08086218960365901,-0.017333333333333423
Chronos-LoRA-V5,6,1000,0.776,0.092,0.132,0.08079357532644645,-0.02400000000000002
Chronos-LoRA-V5,7,1000,0.807,0.086,0.107,0.0801043379115872,0.007000000000000006
Chronos-LoRA-V5,8,1000,0.792,0.1,0.108,0.08088393949624151,-0.008000000000000007
Chronos-LoRA-V5,9,1000,0.775,0.088,0.137,0.08126962327491492,-0.025000000000000022
Chronos-LoRA-V5,10,1000,0.757,0.139,0.104,0.0805781029178761,-0.04300000000000004
Chronos-LoRA-V5,11,500,0.742,0.116,0.142,0.08081058316770941,-0.05800000000000005
Chronos-LoRA-V5,12,500,0.8,0.108,0.092,0.0802217970257625,0.0
Chronos-LoRA-V5,13,500,0.762,0.13,0.108,0.08029782588034869,-0.038000000000000034
Chronos-LoRA-V5,14,500,0.782,0.09,0.128,0.08031640437245369,-0.018000000000000016
Chronos-LoRA-V5,15,500,0.798,0.092,0.11,0.08020916324760764,-0.0020000000000000018
Chronos-LoRA-V5,16,500,0.748,0.134,0.118,0.0806492307940498,-0.052000000000000046
Chronos-LoRA-V5,17,500,0.748,0.144,0.108,0.07968435680307448,-0.052000000000000046
Chronos-LoRA-V5,18,500,0.764,0.1,0.136,0.07952853180654347,-0.03600000000000003
Chronos-LoRA-V5,19,500,0.746,0.114,0.14,0.0789992506839335,-0.05400000000000005
Chronos-LoRA-V5,20,500,0.758,0.14,0.102,0.07870409660134464,-0.04200000000000004
