ticker,horizon,model,model_type,observations,mean_price_mae,median_price_mae,mean_return_abs_error,directional_accuracy
AAPL,1,ARIMA,statistical_ml,50,1.081676392320915,0.6207401668022374,0.012055893530241703,0.42
AAPL,1,Chronos-LoRA-V1,chronos_lora,50,1.0594465866648632,0.6336017155473819,0.01166116815271358,0.6
AAPL,1,Chronos-LoRA-V2,chronos_lora,50,1.0501855717074067,0.5841585290866913,0.01154685873020812,0.62
AAPL,1,Chronos-LoRA-V3,chronos_lora,50,1.0510388103254484,0.5791227590371868,0.011558095867477445,0.62
AAPL,1,EGARCH,statistical_ml,50,1.0615025581943527,0.5849702397978653,0.011667423853896774,0.62
AAPL,1,ETS,statistical_ml,50,1.0670383126022875,0.6050423457966367,0.011823134006523699,0.46
AAPL,1,GARCH,statistical_ml,50,1.058823514320892,0.5909460451401412,0.011617953798534118,0.62
AAPL,1,GJR-GARCH,statistical_ml,50,1.0606092512872982,0.5804794754514759,0.011649033837331173,0.62
AAPL,1,LightGBM,statistical_ml,50,1.1788996237749716,0.5275797493357786,0.012852455823054847,0.48
AAPL,1,Naive,statistical_ml,50,1.0765672874450665,0.617242813110348,0.011966747583068493,
AAPL,1,VAR,statistical_ml,50,,,,
AAPL,1,XGBoost,statistical_ml,50,1.1105712798086091,0.39866877077781027,0.01259784386710106,0.48
AAPL,5,ARIMA,statistical_ml,50,2.916367805247442,1.0199599484029704,0.028768097911276394,0.54
AAPL,5,Chronos-LoRA-V1,chronos_lora,50,2.883210713842215,1.163430768589949,0.02743237210213607,0.6
AAPL,5,Chronos-LoRA-V2,chronos_lora,50,2.886883001079973,1.1131821866761467,0.02730776440023029,0.62
AAPL,5,Chronos-LoRA-V3,chronos_lora,50,2.882244552711011,1.1254167903600525,0.0273124843206155,0.62
AAPL,5,EGARCH,statistical_ml,50,,,,
AAPL,5,ETS,statistical_ml,50,2.8746184031744297,1.100793384892242,0.0281852061102538,0.56
AAPL,5,GARCH,statistical_ml,50,2.908317909597214,1.1161891634904322,0.02766542847871737,0.62
AAPL,5,GJR-GARCH,statistical_ml,50,2.9075468913629106,1.1261411514101258,0.027731476043986323,0.62
AAPL,5,LightGBM,statistical_ml,50,3.2826139866912625,1.3009851409984314,0.03237083609834898,0.54
AAPL,5,Naive,statistical_ml,50,2.9244099998474113,1.084907531738267,0.028822055126631514,
AAPL,5,VAR,statistical_ml,50,,,,
AAPL,5,XGBoost,statistical_ml,50,3.5326135994949754,0.9187884719709523,0.033291091034716974,0.58
AAPL,10,ARIMA,statistical_ml,50,3.6039159369316427,1.485169608416001,0.0401160839360506,0.52
AAPL,10,Chronos-LoRA-V1,chronos_lora,50,3.321690117493876,1.5641529118734567,0.035665245090984836,0.68
AAPL,10,Chronos-LoRA-V2,chronos_lora,50,3.272001299052426,1.4479275762785875,0.03463892187094974,0.68
AAPL,10,Chronos-LoRA-V3,chronos_lora,50,3.2952778415093515,1.502775447534681,0.03515250950083701,0.68
AAPL,10,EGARCH,statistical_ml,50,,,,
AAPL,10,ETS,statistical_ml,50,3.465506258824066,1.3394728311185773,0.038851192030515624,0.64
AAPL,10,GARCH,statistical_ml,50,3.3821906320440007,1.3979621646054188,0.03590532272402878,0.68
AAPL,10,GJR-GARCH,statistical_ml,50,3.40072519052063,1.3887578861783272,0.03622643427102795,0.68
AAPL,10,LightGBM,statistical_ml,50,4.113546001599564,1.5734795783592972,0.045850850326581115,0.62
AAPL,10,Naive,statistical_ml,50,3.610375232696533,1.4745950698852504,0.0401661532844384,
AAPL,10,VAR,statistical_ml,50,,,,
AAPL,10,XGBoost,statistical_ml,50,3.800028226193257,1.3327320778445646,0.043564925016836675,0.62
AAPL,20,ARIMA,statistical_ml,50,6.414903169027818,2.3214403257487017,0.06779035480204212,0.52
AAPL,20,Chronos-LoRA-V1,chronos_lora,50,5.921458906708219,2.079435553309853,0.06515365727493377,0.68
AAPL,20,Chronos-LoRA-V2,chronos_lora,50,5.868398225697223,2.0757183010782647,0.06473354328949749,0.68
AAPL,20,Chronos-LoRA-V3,chronos_lora,50,5.873507248186157,2.0417456621099,0.06482912060101985,0.68
AAPL,20,EGARCH,statistical_ml,50,,,,
AAPL,20,ETS,statistical_ml,50,6.412038706019646,2.633375037274508,0.0669275649771778,0.62
AAPL,20,GARCH,statistical_ml,50,5.871409934036536,2.1359590230947134,0.06466579385805084,0.68
AAPL,20,GJR-GARCH,statistical_ml,50,5.9086248934571985,2.1953578454180356,0.06473631881195337,0.68
AAPL,20,LightGBM,statistical_ml,50,7.166321419384665,2.8927489893481084,0.09433409381148725,0.5
AAPL,20,Naive,statistical_ml,50,6.409120712280273,2.3265686035156268,0.0677403942552402,
AAPL,20,VAR,statistical_ml,50,,,,
AAPL,20,XGBoost,statistical_ml,50,7.584682371210465,3.6080024591720132,0.09644596979998507,0.48
AMZN,1,ARIMA,statistical_ml,50,1.1288003590741342,0.4044129734739954,0.013316758117481262,0.56
AMZN,1,Chronos-LoRA-V1,chronos_lora,50,1.1289354760321135,0.4640546234278986,0.013262310232984157,0.6
AMZN,1,Chronos-LoRA-V2,chronos_lora,50,1.1201264875903603,0.4176956317116378,0.013197766374199863,0.64
AMZN,1,Chronos-LoRA-V3,chronos_lora,50,1.1211788196716013,0.4157662668480979,0.013191989971216846,0.64
AMZN,1,EGARCH,statistical_ml,50,1.1191020663149345,0.3967077784247621,0.013241600864330618,0.64
AMZN,1,ETS,statistical_ml,50,1.131970382795153,0.4234125330928249,0.013370003835606962,0.56
AMZN,1,GARCH,statistical_ml,50,1.1127900285000796,0.4237662851493962,0.01317316706307481,0.64
AMZN,1,GJR-GARCH,statistical_ml,50,1.1170245625787183,0.4054941232251954,0.01321748318005451,0.64
AMZN,1,LightGBM,statistical_ml,50,1.5132406826512008,0.6378859159842065,0.016372692239957378,0.56
AMZN,1,Naive,statistical_ml,50,1.143970279693602,0.4037499427795419,0.013492777907347946,
AMZN,1,VAR,statistical_ml,50,,,,
AMZN,1,XGBoost,statistical_ml,50,1.4409696173499194,0.5800012425305248,0.01620771976588184,0.48
AMZN,5,ARIMA,statistical_ml,50,3.256244507620352,1.1519682936004472,0.03275588323259402,0.6
AMZN,5,Chronos-LoRA-V1,chronos_lora,50,3.2252844297500434,1.2072854231462387,0.032737998960421705,0.56
AMZN,5,Chronos-LoRA-V2,chronos_lora,50,3.2177482642067705,1.3356766889532672,0.033004262907295204,0.56
AMZN,5,Chronos-LoRA-V3,chronos_lora,50,3.222218077682494,1.3112793243696963,0.03286311066579352,0.56
AMZN,5,EGARCH,statistical_ml,50,,,,
AMZN,5,ETS,statistical_ml,50,3.26335659099863,1.3665418689336306,0.03304973636598878,0.52
AMZN,5,GARCH,statistical_ml,50,3.192762927089439,1.2299828414025527,0.03265368502908825,0.56
AMZN,5,GJR-GARCH,statistical_ml,50,3.200233483075928,1.3061054567441701,0.03271904671570811,0.56
AMZN,5,LightGBM,statistical_ml,50,3.0473485320075007,1.4097024453197982,0.034474997802087445,0.52
AMZN,5,Naive,statistical_ml,50,3.262930164337159,1.261249542236314,0.033073537103826885,
AMZN,5,VAR,statistical_ml,50,,,,
AMZN,5,XGBoost,statistical_ml,50,3.472490377907336,1.8839076172555451,0.0356708037714646,0.62
AMZN,10,ARIMA,statistical_ml,50,5.238061239994529,1.6494706702654298,0.04779601104460974,0.52
AMZN,10,Chronos-LoRA-V1,chronos_lora,50,4.826039186963927,1.7088821651404231,0.04611339502304943,0.6
AMZN,10,Chronos-LoRA-V2,chronos_lora,50,4.80468015499603,1.6320261444362387,0.046488401353770144,0.6
AMZN,10,Chronos-LoRA-V3,chronos_lora,50,4.817915158982233,1.800786311111711,0.04631277667498747,0.62
AMZN,10,EGARCH,statistical_ml,50,,,,
AMZN,10,ETS,statistical_ml,50,5.078036065650248,1.5805408178618574,0.04638412313227715,0.58
AMZN,10,GARCH,statistical_ml,50,4.78185985571519,1.6158363080314793,0.04524216430475742,0.6
AMZN,10,GJR-GARCH,statistical_ml,50,4.808859418074547,1.610232955751684,0.04517862262152764,0.6
AMZN,10,LightGBM,statistical_ml,50,5.822859333765972,2.1398160422237993,0.05573932631313094,0.54
AMZN,10,Naive,statistical_ml,50,5.127041244506837,1.6054983139038086,0.046602770333334924,
AMZN,10,VAR,statistical_ml,50,,,,
AMZN,10,XGBoost,statistical_ml,50,5.419068419877238,1.9498725521874007,0.04964691878690853,0.54
AMZN,20,ARIMA,statistical_ml,50,6.3670570231287265,1.8237343614992785,0.06648326293909207,0.5
AMZN,20,Chronos-LoRA-V1,chronos_lora,50,6.354694677198128,3.0357808023059203,0.06697781439400968,0.54
AMZN,20,Chronos-LoRA-V2,chronos_lora,50,6.453508365254741,2.685925289916222,0.06848072307482596,0.56
AMZN,20,Chronos-LoRA-V3,chronos_lora,50,6.402183725027928,2.854483557403885,0.06762170594463536,0.54
AMZN,20,EGARCH,statistical_ml,50,,,,
AMZN,20,ETS,statistical_ml,50,6.259977641152677,2.096017901797534,0.06472890187198249,0.48
AMZN,20,GARCH,statistical_ml,50,6.2748087727025075,2.9957275069453093,0.06547222150846643,0.54
AMZN,20,GJR-GARCH,statistical_ml,50,6.242026784319972,3.2249930155457385,0.06509504323973507,0.54
AMZN,20,LightGBM,statistical_ml,50,7.5465802209043025,3.2255212630014647,0.0749382931571101,0.74
AMZN,20,Naive,statistical_ml,50,6.20187002182007,2.036247253417983,0.06424552877572327,
AMZN,20,VAR,statistical_ml,50,,,,
AMZN,20,XGBoost,statistical_ml,50,8.078667285199804,3.4595232568138172,0.08029075594680421,0.68
CVNA,1,ARIMA,statistical_ml,50,1.311223933473862,0.5997427225275529,0.046281833325578996,0.44
CVNA,1,Chronos-LoRA-V1,chronos_lora,50,1.299130228437378,0.6203414150393707,0.04621757539961806,0.44
CVNA,1,Chronos-LoRA-V2,chronos_lora,50,1.3121881524166985,0.5967822024218643,0.04625838709217863,0.42
CVNA,1,Chronos-LoRA-V3,chronos_lora,50,1.3097226350945217,0.6045815317298984,0.04635667957282139,0.44
CVNA,1,EGARCH,statistical_ml,50,1.3014571656229976,0.5678195955227898,0.045902025262342515,0.4
CVNA,1,ETS,statistical_ml,50,1.3008480207695396,0.5914598114565637,0.047728307003006884,0.38
CVNA,1,GARCH,statistical_ml,50,1.3037380697717256,0.5677876179434747,0.04603817046503347,0.38
CVNA,1,GJR-GARCH,statistical_ml,50,1.303619565979603,0.5680318588459419,0.046070123978564324,0.36
CVNA,1,LightGBM,statistical_ml,50,1.5567860705580039,0.761064656142393,0.055715933669142174,0.38
CVNA,1,Naive,statistical_ml,50,1.2933198761939997,0.5829994678497314,0.045635954448773594,
CVNA,1,VAR,statistical_ml,50,,,,
CVNA,1,XGBoost,statistical_ml,50,1.4367182848039641,0.6786622970105407,0.05753336537943838,0.38
CVNA,5,ARIMA,statistical_ml,50,2.4656014967043594,1.3580231492166401,0.10104993225795068,0.54
CVNA,5,Chronos-LoRA-V1,chronos_lora,50,2.582105586738607,1.503358058520083,0.10120940043201458,0.54
CVNA,5,Chronos-LoRA-V2,chronos_lora,50,2.5966313421412455,1.398199459923878,0.10143166448561577,0.56
CVNA,5,Chronos-LoRA-V3,chronos_lora,50,2.5880919201443766,1.413138294940623,0.10136384962250088,0.54
CVNA,5,EGARCH,statistical_ml,50,,,,
CVNA,5,ETS,statistical_ml,50,2.457421951978933,1.5620243224841857,0.09724053044260848,0.52
CVNA,5,GARCH,statistical_ml,50,2.4930864684835963,1.31929291676461,0.10169568847353018,0.46
CVNA,5,GJR-GARCH,statistical_ml,50,2.491621847091883,1.3710542560316696,0.10170535629020767,0.44
CVNA,5,LightGBM,statistical_ml,50,2.686696006148484,1.6523667578599266,0.12863594684780072,0.56
CVNA,5,Naive,statistical_ml,50,2.4698403894901273,1.4669985771179164,0.10104669415326185,
CVNA,5,VAR,statistical_ml,50,,,,
CVNA,5,XGBoost,statistical_ml,50,2.650157031418608,2.0115493596579377,0.12666593111284366,0.58
CVNA,10,ARIMA,statistical_ml,50,3.1234654296044315,1.9998887158821157,0.1287667366424836,0.5
CVNA,10,Chronos-LoRA-V1,chronos_lora,50,3.4086244951962517,1.75607343385734,0.13452490768222097,0.48
CVNA,10,Chronos-LoRA-V2,chronos_lora,50,3.4220054501502046,1.7391132436348835,0.1345853525156653,0.48
CVNA,10,Chronos-LoRA-V3,chronos_lora,50,3.411762340717203,1.764233406212517,0.1346128752354064,0.46
CVNA,10,EGARCH,statistical_ml,50,,,,
CVNA,10,ETS,statistical_ml,50,3.2331331601370654,1.9974513362713378,0.13320128233107242,0.5
CVNA,10,GARCH,statistical_ml,50,3.203526957999179,1.9449108699344606,0.1319965233506394,0.46
CVNA,10,GJR-GARCH,statistical_ml,50,3.2111304550258155,1.9818496050376586,0.13242665160951061,0.44
CVNA,10,LightGBM,statistical_ml,50,4.48421940950004,3.4240971812723835,0.18535064906372764,0.44
CVNA,10,Naive,statistical_ml,50,3.1259596276283257,2.0259976387023926,0.12878512217794558,
CVNA,10,VAR,statistical_ml,50,,,,
CVNA,10,XGBoost,statistical_ml,50,4.520242053485656,3.391344122076596,0.18478329793189047,0.38
CVNA,20,ARIMA,statistical_ml,50,4.6999069951370425,2.942162445006808,0.1935601371927977,0.52
CVNA,20,Chronos-LoRA-V1,chronos_lora,50,4.8963711510670676,3.064781948821336,0.20586451383095286,0.5
CVNA,20,Chronos-LoRA-V2,chronos_lora,50,5.097351328538972,3.1186669736442303,0.2064530280340484,0.44
CVNA,20,Chronos-LoRA-V3,chronos_lora,50,5.005938468051583,3.147021392202922,0.20657400474293525,0.48
CVNA,20,EGARCH,statistical_ml,50,,,,
CVNA,20,ETS,statistical_ml,50,4.735152558986727,3.2179591408264336,0.21526958249393666,0.52
CVNA,20,GARCH,statistical_ml,50,4.73097518375414,2.821034244644581,0.19617687398886038,0.52
CVNA,20,GJR-GARCH,statistical_ml,50,4.736837159837518,3.0365392518973655,0.19700028223588284,0.5
CVNA,20,LightGBM,statistical_ml,50,7.514513447436989,5.420748045513923,0.31428701627468003,0.36
CVNA,20,Naive,statistical_ml,50,4.689639966487884,3.000000476837159,0.19342254100848108,
CVNA,20,VAR,statistical_ml,50,,,,
CVNA,20,XGBoost,statistical_ml,50,7.261916093026109,4.966836679653909,0.3092238454516219,0.42
ENPH,1,ARIMA,statistical_ml,50,2.3242981494039943,0.37384272822963993,0.03834628144066162,0.56
ENPH,1,Chronos-LoRA-V1,chronos_lora,50,2.2876279968193107,0.36198539196753377,0.03901736868184698,0.34
ENPH,1,Chronos-LoRA-V2,chronos_lora,50,2.265797244002225,0.36352333934563363,0.03872608998193691,0.44
ENPH,1,Chronos-LoRA-V3,chronos_lora,50,2.2641956506795258,0.36004849944029704,0.03875413482701293,0.46
ENPH,1,EGARCH,statistical_ml,50,2.3096711025713508,0.3694930087910233,0.03832910341512174,0.62
ENPH,1,ETS,statistical_ml,50,2.3244595017995384,0.3707738590071621,0.038659850811655974,0.5
ENPH,1,GARCH,statistical_ml,50,2.30701690004466,0.3696314301414798,0.038313846272976154,0.64
ENPH,1,GJR-GARCH,statistical_ml,50,2.307390417731168,0.36947357416353555,0.03831009305497107,0.64
ENPH,1,LightGBM,statistical_ml,50,2.54418845871778,0.4448713425395412,0.041281750048780805,0.52
ENPH,1,Naive,statistical_ml,50,2.326600271463394,0.36999988555908203,0.038418012328511504,
ENPH,1,VAR,statistical_ml,50,,,,
ENPH,1,XGBoost,statistical_ml,50,2.6634055968086003,0.29473297501451867,0.04019648814494521,0.5
ENPH,5,ARIMA,statistical_ml,50,5.274953337760611,0.9718431353896948,0.08144370280129429,0.58
ENPH,5,Chronos-LoRA-V1,chronos_lora,50,5.345811973343137,1.4429919298386134,0.08820814997547143,0.3
ENPH,5,Chronos-LoRA-V2,chronos_lora,50,5.390259560633812,1.1648310703962679,0.08671786136038079,0.38
ENPH,5,Chronos-LoRA-V3,chronos_lora,50,5.376309893391906,1.3379258685713173,0.08760926837871327,0.28
ENPH,5,EGARCH,statistical_ml,50,,,,
ENPH,5,ETS,statistical_ml,50,5.209107688729717,0.9850085285151877,0.082017832213655,0.48
ENPH,5,GARCH,statistical_ml,50,5.2716547979262245,0.9676522842617468,0.08284529961629189,0.42
ENPH,5,GJR-GARCH,statistical_ml,50,5.270477225978258,0.962885343228292,0.08302590164865595,0.42
ENPH,5,LightGBM,statistical_ml,50,7.797770809504714,1.2946935558575943,0.10336119086269663,0.4
ENPH,5,Naive,statistical_ml,50,5.254599337577819,0.9650001525878951,0.08140997250996239,
ENPH,5,VAR,statistical_ml,50,,,,
ENPH,5,XGBoost,statistical_ml,50,6.98903874564739,1.382312247327988,0.09577433153629275,0.46
ENPH,10,ARIMA,statistical_ml,50,7.868668539964444,2.126791564547224,0.13040791893218537,0.64
ENPH,10,Chronos-LoRA-V1,chronos_lora,50,7.916150090429037,2.4007392296131282,0.1367545839959584,0.54
ENPH,10,Chronos-LoRA-V2,chronos_lora,50,8.126169541928299,2.4702056834946706,0.13540205347738318,0.48
ENPH,10,Chronos-LoRA-V3,chronos_lora,50,8.01050888548711,2.4982783269681654,0.13582816234220213,0.54
ENPH,10,EGARCH,statistical_ml,50,,,,
ENPH,10,ETS,statistical_ml,50,7.744211415923505,2.1257667906503315,0.13046648601881916,0.54
ENPH,10,GARCH,statistical_ml,50,7.94693516470971,2.4280352991444003,0.13454379770994943,0.36
ENPH,10,GJR-GARCH,statistical_ml,50,7.946337154969244,2.427172604121714,0.1348556814826371,0.36
ENPH,10,LightGBM,statistical_ml,50,10.212960683728866,1.6812042353321206,0.1531336351702925,0.52
ENPH,10,Naive,statistical_ml,50,7.874799482822418,2.130000114440917,0.13106677546211792,
ENPH,10,VAR,statistical_ml,50,,,,
ENPH,10,XGBoost,statistical_ml,50,9.692819430155025,2.2484516259563767,0.15358103020023547,0.54
ENPH,20,ARIMA,statistical_ml,50,12.179544611558008,3.414318147128969,0.2062305543387916,0.56
ENPH,20,Chronos-LoRA-V1,chronos_lora,50,12.233330999848658,3.5117660287190784,0.20898599189300915,0.6
ENPH,20,Chronos-LoRA-V2,chronos_lora,50,12.253100151159115,3.3240191691685688,0.2065012984341651,0.6
ENPH,20,Chronos-LoRA-V3,chronos_lora,50,12.26310635620117,3.6615699432509405,0.2073462228447911,0.58
ENPH,20,EGARCH,statistical_ml,50,,,,
ENPH,20,ETS,statistical_ml,50,12.192508874368539,3.4013470558233045,0.2099219342028163,0.52
ENPH,20,GARCH,statistical_ml,50,12.168630977836363,3.4570649972765786,0.21055557778929634,0.4
ENPH,20,GJR-GARCH,statistical_ml,50,12.176000715303033,3.4694723008386097,0.21124019410384853,0.4
ENPH,20,LightGBM,statistical_ml,50,17.072006935760985,3.612087095287503,0.27282074440937915,0.46
ENPH,20,Naive,statistical_ml,50,12.206600259542462,3.4149980545043945,0.20658585887743328,
ENPH,20,VAR,statistical_ml,50,,,,
ENPH,20,XGBoost,statistical_ml,50,15.492855347754675,3.581961085484899,0.25618065503236337,0.48
IONQ,1,ARIMA,statistical_ml,50,1.320752055938457,0.49764478771891696,0.050458497707276354,0.42
IONQ,1,Chronos-LoRA-V1,chronos_lora,50,1.315541923304917,0.5400127612623224,0.04963208716904305,0.4
IONQ,1,Chronos-LoRA-V2,chronos_lora,50,1.305249887581289,0.5022842594803087,0.04931215037490473,0.6
IONQ,1,Chronos-LoRA-V3,chronos_lora,50,1.3071058969346538,0.48639537077640327,0.04937845253153205,0.48
IONQ,1,EGARCH,statistical_ml,50,1.3067502606487609,0.5000337243770456,0.049444322281826006,0.4
IONQ,1,ETS,statistical_ml,50,1.3109294017546844,0.47583699972819815,0.049565391288906725,0.52
IONQ,1,GARCH,statistical_ml,50,1.3073580531743525,0.500018627358302,0.04946183123656225,0.38
IONQ,1,GJR-GARCH,statistical_ml,50,1.307348174727973,0.5000858036017792,0.049459283551666997,0.4
IONQ,1,LightGBM,statistical_ml,50,1.9067517885353067,0.6973523398265256,0.06732623051817041,0.4
IONQ,1,Naive,statistical_ml,50,1.3065998315811158,0.4999995231628418,0.049431477897668434,
IONQ,1,VAR,statistical_ml,50,,,,
IONQ,1,XGBoost,statistical_ml,50,1.766403968640491,0.6409924994436667,0.06075418376260569,0.4
IONQ,5,ARIMA,statistical_ml,50,2.7136571631471123,1.1994268384861968,0.10083116224645028,0.5
IONQ,5,Chronos-LoRA-V1,chronos_lora,50,2.6809639761555064,1.1590272505969903,0.09693649140965871,0.58
IONQ,5,Chronos-LoRA-V2,chronos_lora,50,2.7601343389257567,1.3277772914955408,0.09970915894762523,0.54
IONQ,5,Chronos-LoRA-V3,chronos_lora,50,2.7181246009082445,1.2759229876719367,0.09826321284321807,0.58
IONQ,5,EGARCH,statistical_ml,50,,,,
IONQ,5,ETS,statistical_ml,50,2.713840565090361,1.2359683634005627,0.09989837052450923,0.44
IONQ,5,GARCH,statistical_ml,50,2.726103354826817,1.2142060156362637,0.10041317737909072,0.58
IONQ,5,GJR-GARCH,statistical_ml,50,2.726272473831015,1.216648001742116,0.10042346995833037,0.56
IONQ,5,LightGBM,statistical_ml,50,3.6369621096086475,1.2072356674105045,0.12965941005936144,0.46
IONQ,5,Naive,statistical_ml,50,2.7287999248504637,1.2299981117248535,0.10049100867837253,
IONQ,5,VAR,statistical_ml,50,,,,
IONQ,5,XGBoost,statistical_ml,50,3.5145774524285383,0.91209057543188,0.1197229029202815,0.5
IONQ,10,ARIMA,statistical_ml,50,3.580088388456635,1.3824955297500159,0.1493805446945755,0.54
IONQ,10,Chronos-LoRA-V1,chronos_lora,50,3.591197503735031,1.325223922295499,0.14805041290215853,0.54
IONQ,10,Chronos-LoRA-V2,chronos_lora,50,3.625263426608178,1.4479535512776565,0.14787723094201424,0.62
IONQ,10,Chronos-LoRA-V3,chronos_lora,50,3.612957919917581,1.484648320512087,0.14817459994850704,0.6
IONQ,10,EGARCH,statistical_ml,50,,,,
IONQ,10,ETS,statistical_ml,50,3.5821522126665912,1.389999865144489,0.14885883587664744,0.44
IONQ,10,GARCH,statistical_ml,50,3.6128928686259525,1.5754163055697106,0.15013100511873342,0.54
IONQ,10,GJR-GARCH,statistical_ml,50,3.613086799833714,1.5781770593085716,0.15015823484256172,0.52
IONQ,10,LightGBM,statistical_ml,50,4.887553404124032,2.826141392122441,0.19219751495435194,0.54
IONQ,10,Naive,statistical_ml,50,3.6133999252319335,1.5900001525878906,0.15015437586672314,
IONQ,10,VAR,statistical_ml,50,,,,
IONQ,10,XGBoost,statistical_ml,50,4.6371054815048725,2.8236512877887963,0.18537417625100042,0.58
IONQ,20,ARIMA,statistical_ml,50,5.095924116489358,1.9851023263893088,0.2171064228519726,0.62
IONQ,20,Chronos-LoRA-V1,chronos_lora,50,5.278470203655762,1.7876837233810998,0.22730244008282152,0.5
IONQ,20,Chronos-LoRA-V2,chronos_lora,50,5.268029347529835,1.8282759528777617,0.2237187096755655,0.48
IONQ,20,Chronos-LoRA-V3,chronos_lora,50,5.2416821778303,1.959043771986659,0.22449469066634745,0.5
IONQ,20,EGARCH,statistical_ml,50,,,,
IONQ,20,ETS,statistical_ml,50,5.1101873463967555,1.9850001333653928,0.21819681165596272,0.44
IONQ,20,GARCH,statistical_ml,50,5.1563626028992555,1.9856592732846639,0.22065505690868548,0.5
IONQ,20,GJR-GARCH,statistical_ml,50,5.156860300608425,1.985570462843285,0.22071226419406206,0.48
IONQ,20,LightGBM,statistical_ml,50,8.880645441235075,4.471035514673783,0.33775179777304615,0.5
IONQ,20,Naive,statistical_ml,50,5.157400131225586,1.9850001335144043,0.2205142777180976,
IONQ,20,VAR,statistical_ml,50,,,,
IONQ,20,XGBoost,statistical_ml,50,8.576444903920356,3.6402605254260583,0.3159193177794576,0.56
MSFT,1,ARIMA,statistical_ml,50,2.2491634595315877,0.4898615806722404,0.010820337523092994,0.5
MSFT,1,Chronos-LoRA-V1,chronos_lora,50,2.068107597124174,0.648423213771558,0.010272566822132081,0.66
MSFT,1,Chronos-LoRA-V2,chronos_lora,50,2.053288295858205,0.6641110941151744,0.010198755842004487,0.66
MSFT,1,Chronos-LoRA-V3,chronos_lora,50,2.0527140172597904,0.6757198378742117,0.010208136497494252,0.7
MSFT,1,EGARCH,statistical_ml,50,2.1065347188233985,0.5551137704047235,0.010484450417075549,0.68
MSFT,1,ETS,statistical_ml,50,2.152357953267458,0.45524114902278257,0.010426104136054125,0.54
MSFT,1,GARCH,statistical_ml,50,2.090924316129355,0.5856125516059443,0.010405299403637986,0.66
MSFT,1,GJR-GARCH,statistical_ml,50,2.102557481548896,0.56146209300843,0.010464156807464087,0.68
MSFT,1,LightGBM,statistical_ml,50,2.443827641347355,0.530488307776988,0.011194367343949138,0.64
MSFT,1,Naive,statistical_ml,50,2.1507469558715786,0.4760627746581889,0.010680606701772892,
MSFT,1,VAR,statistical_ml,50,,,,
MSFT,1,XGBoost,statistical_ml,50,2.3937850394263656,0.604378503766732,0.011319232521382217,0.5
MSFT,5,ARIMA,statistical_ml,50,4.558964274951018,1.1778899786485955,0.02404548516003618,0.44
MSFT,5,Chronos-LoRA-V1,chronos_lora,50,4.226600409654824,1.5085507500038347,0.02283283455480666,0.72
MSFT,5,Chronos-LoRA-V2,chronos_lora,50,4.2051347564422725,1.5923478991838351,0.022644506745806106,0.68
MSFT,5,Chronos-LoRA-V3,chronos_lora,50,4.200585183510507,1.5071432289811213,0.02270658137731081,0.68
MSFT,5,EGARCH,statistical_ml,50,,,,
MSFT,5,ETS,statistical_ml,50,4.419502638729048,1.0573331719565715,0.02351802511818736,0.56
MSFT,5,GARCH,statistical_ml,50,4.237094322146184,1.1228486810671683,0.022939348036224435,0.68
MSFT,5,GJR-GARCH,statistical_ml,50,4.285482651802267,1.201208359264161,0.02311297503474135,0.7
MSFT,5,LightGBM,statistical_ml,50,4.754589162438264,2.3311585795985508,0.026178284049115645,0.54
MSFT,5,Naive,statistical_ml,50,4.5117690658569325,1.0463991165161115,0.023970905774410314,
MSFT,5,VAR,statistical_ml,50,,,,
MSFT,5,XGBoost,statistical_ml,50,4.556370676336346,1.7134987733779958,0.024339181561144216,0.56
MSFT,10,ARIMA,statistical_ml,50,6.538217962878701,1.93338160500128,0.033059121466052804,0.5
MSFT,10,Chronos-LoRA-V1,chronos_lora,50,5.943636374073585,1.643890003325616,0.029431904345617398,0.74
MSFT,10,Chronos-LoRA-V2,chronos_lora,50,5.950513825109238,1.8039643848514508,0.02880054315501996,0.74
MSFT,10,Chronos-LoRA-V3,chronos_lora,50,5.9466646590326535,1.7354719130212715,0.029134296464409994,0.72
MSFT,10,EGARCH,statistical_ml,50,,,,
MSFT,10,ETS,statistical_ml,50,6.366752446557971,1.8318788235188208,0.03198656282630037,0.64
MSFT,10,GARCH,statistical_ml,50,6.053670676229193,1.6689277139350196,0.030458384464944643,0.74
MSFT,10,GJR-GARCH,statistical_ml,50,6.107941931027722,1.5974276369970717,0.030925532698586736,0.72
MSFT,10,LightGBM,statistical_ml,50,6.512355741508442,1.846871795140359,0.03591572447457918,0.68
MSFT,10,Naive,statistical_ml,50,6.479351158142089,2.0161209106445312,0.03299012317273015,
MSFT,10,VAR,statistical_ml,50,,,,
MSFT,10,XGBoost,statistical_ml,50,6.070255917218873,2.101106307129939,0.03453032389197396,0.66
MSFT,20,ARIMA,statistical_ml,50,7.411391311851502,3.5227222830846294,0.042255332198380534,0.58
MSFT,20,Chronos-LoRA-V1,chronos_lora,50,6.7808638199235505,3.426389382101874,0.03783949268313688,0.7
MSFT,20,Chronos-LoRA-V2,chronos_lora,50,6.590826574420054,2.582253638419999,0.03697581814675295,0.7
MSFT,20,Chronos-LoRA-V3,chronos_lora,50,6.733510072094519,3.4820922050611713,0.037462734849414495,0.68
MSFT,20,EGARCH,statistical_ml,50,,,,
MSFT,20,ETS,statistical_ml,50,6.992269221059701,2.9798010825668975,0.04077802647905346,0.56
MSFT,20,GARCH,statistical_ml,50,6.294012861635444,2.362396334920092,0.03701587646186519,0.7
MSFT,20,GJR-GARCH,statistical_ml,50,6.384466712027336,2.650120814080651,0.03775147596436799,0.72
MSFT,20,LightGBM,statistical_ml,50,10.993678553008463,4.369843439932538,0.06338109129828894,0.5
MSFT,20,Naive,statistical_ml,50,7.375335121154786,3.4894924163818324,0.04230020653972795,
MSFT,20,VAR,statistical_ml,50,,,,
MSFT,20,XGBoost,statistical_ml,50,9.63262441589336,3.268278534749925,0.05844610930287705,0.56
NVDA,1,ARIMA,statistical_ml,50,0.8323706330786759,0.06568513098560125,0.020465286876526205,0.48
NVDA,1,Chronos-LoRA-V1,chronos_lora,50,0.8095234569898995,0.06965217643340971,0.0197901842129347,0.68
NVDA,1,Chronos-LoRA-V2,chronos_lora,50,0.8111282216481144,0.0687113091205016,0.019683963688768777,0.66
NVDA,1,Chronos-LoRA-V3,chronos_lora,50,0.8064348153301091,0.0697087771417717,0.019663651517155,0.62
NVDA,1,EGARCH,statistical_ml,50,0.8194687851732607,0.060413025466172776,0.02007676176191318,0.66
NVDA,1,ETS,statistical_ml,50,0.8285582556771157,0.07147812203624637,0.020287067556554374,0.48
NVDA,1,GARCH,statistical_ml,50,0.8171079658500647,0.06292958201750887,0.020042090393901993,0.66
NVDA,1,GJR-GARCH,statistical_ml,50,0.8188300394293635,0.06108165606006555,0.020071262261099322,0.66
NVDA,1,LightGBM,statistical_ml,50,0.9145928122827474,0.09033537582434814,0.024362753774211564,0.38
NVDA,1,Naive,statistical_ml,50,0.8314018368720988,0.047803640365600586,0.020311803803834003,
NVDA,1,VAR,statistical_ml,50,,,,
NVDA,1,XGBoost,statistical_ml,50,0.8357193435653708,0.08177650274796378,0.021193172897021037,0.5
NVDA,5,ARIMA,statistical_ml,50,2.1161606475398886,0.18484754152862792,0.05139965466147795,0.54
NVDA,5,Chronos-LoRA-V1,chronos_lora,50,2.0102387629566327,0.18961793934503146,0.04793229156287101,0.7
NVDA,5,Chronos-LoRA-V2,chronos_lora,50,1.9998298254367806,0.18758346570937734,0.047439726103319854,0.64
NVDA,5,Chronos-LoRA-V3,chronos_lora,50,1.9891565822667332,0.1887706217878531,0.04761448766236773,0.66
NVDA,5,EGARCH,statistical_ml,50,,,,
NVDA,5,ETS,statistical_ml,50,2.084711406782983,0.2008436178534725,0.049932611256356785,0.62
NVDA,5,GARCH,statistical_ml,50,2.0264524101427397,0.18798710454403578,0.049397171709331236,0.7
NVDA,5,GJR-GARCH,statistical_ml,50,2.0371847362487943,0.18799393290367306,0.049619973189634875,0.7
NVDA,5,LightGBM,statistical_ml,50,2.1275656333715594,0.20542634822929617,0.05644079339514893,0.5
NVDA,5,Naive,statistical_ml,50,2.1155920594930633,0.18220853805541992,0.05135673727822297,
NVDA,5,VAR,statistical_ml,50,,,,
NVDA,5,XGBoost,statistical_ml,50,2.056016138070359,0.3969903520262694,0.060018548550880874,0.48
NVDA,10,ARIMA,statistical_ml,50,2.6085872795704437,0.321478356576264,0.06944427131068404,0.5
NVDA,10,Chronos-LoRA-V1,chronos_lora,50,2.3981082105414484,0.17639647532496872,0.06323056369077285,0.66
NVDA,10,Chronos-LoRA-V2,chronos_lora,50,2.385194763609287,0.15873596481829555,0.061253341843465814,0.68
NVDA,10,Chronos-LoRA-V3,chronos_lora,50,2.3718382126869106,0.14336615158153299,0.062108574374343334,0.62
NVDA,10,EGARCH,statistical_ml,50,,,,
NVDA,10,ETS,statistical_ml,50,2.5276317717427705,0.1898049231004384,0.06676666818810566,0.62
NVDA,10,GARCH,statistical_ml,50,2.492922844009872,0.23100963979097333,0.06552434739800164,0.7
NVDA,10,GJR-GARCH,statistical_ml,50,2.5051817228207347,0.22382607835618606,0.06602947523654329,0.7
NVDA,10,LightGBM,statistical_ml,50,2.817964467963902,0.26237473433336866,0.08145111939933368,0.56
NVDA,10,Naive,statistical_ml,50,2.6066425001621245,0.3213188648223877,0.06941045348519824,
NVDA,10,VAR,statistical_ml,50,,,,
NVDA,10,XGBoost,statistical_ml,50,2.5523248938224543,0.2960898839441102,0.07682143272516682,0.54
NVDA,20,ARIMA,statistical_ml,50,4.0339508563567374,0.19500641369393312,0.0939773671880086,0.56
NVDA,20,Chronos-LoRA-V1,chronos_lora,50,3.5048796246542158,0.14310232598044004,0.08542676783033747,0.68
NVDA,20,Chronos-LoRA-V2,chronos_lora,50,3.4768118241807766,0.16532122293188722,0.08461995560932255,0.66
NVDA,20,Chronos-LoRA-V3,chronos_lora,50,3.522030729314042,0.18912278596577314,0.08531397014263378,0.66
NVDA,20,EGARCH,statistical_ml,50,,,,
NVDA,20,ETS,statistical_ml,50,3.955623410708467,0.2729607778911576,0.09112818665659264,0.62
NVDA,20,GARCH,statistical_ml,50,3.624380505800566,0.283984386490292,0.08770123711061671,0.68
NVDA,20,GJR-GARCH,statistical_ml,50,3.675177464468462,0.26817524965596107,0.0884970119316317,0.68
NVDA,20,LightGBM,statistical_ml,50,4.420393796033921,0.4794657220527083,0.11635593247812177,0.54
NVDA,20,Naive,statistical_ml,50,4.036516761779784,0.20063602924346724,0.09396481711120223,
NVDA,20,VAR,statistical_ml,50,,,,
NVDA,20,XGBoost,statistical_ml,50,4.131072562797525,0.35961444349629623,0.11428141296045152,0.52
PLUG,1,ARIMA,statistical_ml,50,0.26669984619945797,0.0943735053280188,0.04382174005140918,0.52
PLUG,1,Chronos-LoRA-V1,chronos_lora,50,0.2650430961536988,0.09094672826238748,0.04347558697457831,0.5
PLUG,1,Chronos-LoRA-V2,chronos_lora,50,0.26366414931262017,0.09033664204765857,0.043338269424545404,0.52
PLUG,1,Chronos-LoRA-V3,chronos_lora,50,0.26451839543226036,0.09105976361738732,0.043381033566973086,0.48
PLUG,1,EGARCH,statistical_ml,50,0.2654189618603607,0.10020368437290617,0.04367851945993348,0.46
PLUG,1,ETS,statistical_ml,50,0.272495579078133,0.07959710171351397,0.043473929694693894,0.52
PLUG,1,GARCH,statistical_ml,50,0.265133798571588,0.10039706022995865,0.04360298041754173,0.46
PLUG,1,GJR-GARCH,statistical_ml,50,0.26540513017041245,0.10019065696346319,0.043670106189635904,0.46
PLUG,1,LightGBM,statistical_ml,50,0.28507983571833395,0.09955748854199076,0.048846379373758075,0.52
PLUG,1,Naive,statistical_ml,50,0.2648000222444533,0.09500014781951904,0.04345497497476845,
PLUG,1,VAR,statistical_ml,50,,,,
PLUG,1,XGBoost,statistical_ml,50,0.3374894179856886,0.10423181844833973,0.054753578064234,0.38
PLUG,5,ARIMA,statistical_ml,50,0.6172363998285954,0.22361530121321516,0.09713973112147672,0.52
PLUG,5,Chronos-LoRA-V1,chronos_lora,50,0.6331861750983186,0.19467109204269206,0.09859603022663332,0.5
PLUG,5,Chronos-LoRA-V2,chronos_lora,50,0.6542083035193346,0.20093121981403006,0.09865346469911546,0.5
PLUG,5,Chronos-LoRA-V3,chronos_lora,50,0.6427582399784026,0.18468002235336645,0.09841027758395601,0.56
PLUG,5,EGARCH,statistical_ml,50,,,,
PLUG,5,ETS,statistical_ml,50,0.6180671420368204,0.2332711546919195,0.09792584963774348,0.56
PLUG,5,GARCH,statistical_ml,50,0.5972389212800252,0.20383938349574204,0.09666937722500528,0.52
PLUG,5,GJR-GARCH,statistical_ml,50,0.5976850212332093,0.20410690462690972,0.09708556686583991,0.52
PLUG,5,LightGBM,statistical_ml,50,0.8617825019835792,0.17907190961375763,0.11239188201021529,0.48
PLUG,5,Naive,statistical_ml,50,0.6144000351428983,0.22500014305114746,0.09695871195839506,
PLUG,5,VAR,statistical_ml,50,,,,
PLUG,5,XGBoost,statistical_ml,50,0.6876742572275151,0.18510831092093039,0.11058087823189464,0.46
PLUG,10,ARIMA,statistical_ml,50,0.7758590815516265,0.1912839985590613,0.12001263096558247,0.5
PLUG,10,Chronos-LoRA-V1,chronos_lora,50,0.8206993779137303,0.21432553714802863,0.12358414605505062,0.5
PLUG,10,Chronos-LoRA-V2,chronos_lora,50,0.852701094796803,0.20466236720690456,0.12386264300684972,0.44
PLUG,10,Chronos-LoRA-V3,chronos_lora,50,0.8332267059056027,0.20472968822818094,0.12343258027023941,0.48
PLUG,10,EGARCH,statistical_ml,50,,,,
PLUG,10,ETS,statistical_ml,50,0.7655034399731018,0.17236944898965212,0.12058938569084844,0.5
PLUG,10,GARCH,statistical_ml,50,0.7464538903215874,0.1901457309722387,0.12125154346161522,0.52
PLUG,10,GJR-GARCH,statistical_ml,50,0.7413597424307647,0.18955719681949512,0.1208117769007026,0.52
PLUG,10,LightGBM,statistical_ml,50,0.842729621569149,0.18380900677369094,0.1237798346583826,0.5
PLUG,10,Naive,statistical_ml,50,0.7743999719619749,0.19499991834163663,0.11994263462440795,
PLUG,10,VAR,statistical_ml,50,,,,
PLUG,10,XGBoost,statistical_ml,50,0.9420182056865057,0.21168122272571277,0.12469333730964134,0.54
PLUG,20,ARIMA,statistical_ml,50,1.1903098190259642,0.3173058467762241,0.15844102484297592,0.44
PLUG,20,Chronos-LoRA-V1,chronos_lora,50,1.2891311225845126,0.2880390329381981,0.17255940984504117,0.54
PLUG,20,Chronos-LoRA-V2,chronos_lora,50,1.2977112567395526,0.2470913408245735,0.1649388967211173,0.5
PLUG,20,Chronos-LoRA-V3,chronos_lora,50,1.2859945628270282,0.27473138817935094,0.16837621406585992,0.56
PLUG,20,EGARCH,statistical_ml,50,,,,
PLUG,20,ETS,statistical_ml,50,1.170532547012862,0.3186697832338563,0.15755814494025125,0.58
PLUG,20,GARCH,statistical_ml,50,1.1559057006982492,0.2782539927211952,0.16637755886353323,0.56
PLUG,20,GJR-GARCH,statistical_ml,50,1.1521161039719052,0.2794910274472668,0.16692694984860526,0.56
PLUG,20,LightGBM,statistical_ml,50,1.3390775168040527,0.2811078119164856,0.20135604208643879,0.64
PLUG,20,Naive,statistical_ml,50,1.1891999301314353,0.315000057220459,0.15849129991434585,
PLUG,20,VAR,statistical_ml,50,,,,
PLUG,20,XGBoost,statistical_ml,50,1.6648103598696156,0.31930227979324677,0.2321098882675956,0.5
RKLB,1,ARIMA,statistical_ml,50,1.5921450056731634,0.22429657382956725,0.03903961389683789,0.52
RKLB,1,Chronos-LoRA-V1,chronos_lora,50,1.6011256473899504,0.20349318436996633,0.03957168186222798,0.44
RKLB,1,Chronos-LoRA-V2,chronos_lora,50,1.6055403245398707,0.2083715630234777,0.03941748084647349,0.44
RKLB,1,Chronos-LoRA-V3,chronos_lora,50,1.6051551457620943,0.20805649674825233,0.039452578037016954,0.46
RKLB,1,EGARCH,statistical_ml,50,1.5860151471428776,0.2238530987193048,0.039187751501950495,0.52
RKLB,1,ETS,statistical_ml,50,1.6136380961827583,0.2244107776335802,0.03972507466053641,0.5
RKLB,1,GARCH,statistical_ml,50,1.585479225283749,0.22549433446430278,0.039220108828556664,0.42
RKLB,1,GJR-GARCH,statistical_ml,50,1.5854635182702628,0.2251623671211198,0.03921368255346455,0.5
RKLB,1,LightGBM,statistical_ml,50,1.8029185935685401,0.2132507103006107,0.04632088637104423,0.46
RKLB,1,Naive,statistical_ml,50,1.5838000440597528,0.22499990463256836,0.03918925956187164,
RKLB,1,VAR,statistical_ml,50,,,,
RKLB,1,XGBoost,statistical_ml,50,1.7778545374735346,0.20869654475167287,0.044843689860056914,0.42
RKLB,5,ARIMA,statistical_ml,50,2.319032348245339,0.5131679253554051,0.06737837129308323,0.38
RKLB,5,Chronos-LoRA-V1,chronos_lora,50,2.5268218854927738,0.4423168161205999,0.06955034243956827,0.44
RKLB,5,Chronos-LoRA-V2,chronos_lora,50,2.6396478807378387,0.5464419109852023,0.07086475787187141,0.42
RKLB,5,Chronos-LoRA-V3,chronos_lora,50,2.5766238008501614,0.4739466538219075,0.06991166810653276,0.44
RKLB,5,EGARCH,statistical_ml,50,,,,
RKLB,5,ETS,statistical_ml,50,2.462747450109118,0.5343415644819951,0.06908629863310367,0.38
RKLB,5,GARCH,statistical_ml,50,2.333615492157901,0.4734734784514887,0.06682553709132596,0.44
RKLB,5,GJR-GARCH,statistical_ml,50,2.335023416903027,0.4736437711691035,0.06686486706903585,0.4
RKLB,5,LightGBM,statistical_ml,50,3.7208755687317203,0.8226534279959608,0.11278941197368823,0.44
RKLB,5,Naive,statistical_ml,50,2.31019998073578,0.47500014305114746,0.06663645339672306,
RKLB,5,VAR,statistical_ml,50,,,,
RKLB,5,XGBoost,statistical_ml,50,3.312405678504517,0.7425587708954069,0.10019581485517925,0.48
RKLB,10,ARIMA,statistical_ml,50,4.04689200242289,0.6011915022847085,0.10688669410601255,0.52
RKLB,10,Chronos-LoRA-V1,chronos_lora,50,4.3004599799397445,0.5802329048684713,0.11098304320937671,0.38
RKLB,10,Chronos-LoRA-V2,chronos_lora,50,4.424861082155515,0.5456686030487132,0.11068341226688667,0.48
RKLB,10,Chronos-LoRA-V3,chronos_lora,50,4.3364956467533045,0.5310630848455826,0.11036395344071485,0.44
RKLB,10,EGARCH,statistical_ml,50,,,,
RKLB,10,ETS,statistical_ml,50,4.209239309182029,0.5247332470475605,0.10833189325026847,0.5
RKLB,10,GARCH,statistical_ml,50,4.0742594645049905,0.5709507629074411,0.10744121222011391,0.38
RKLB,10,GJR-GARCH,statistical_ml,50,4.0741557214704684,0.5771043448971627,0.107338090514805,0.38
RKLB,10,LightGBM,statistical_ml,50,5.233981490303336,0.789797512219585,0.15508406593436697,0.5
RKLB,10,Naive,statistical_ml,50,4.047200083732605,0.5400004386901855,0.10679763412336435,
RKLB,10,VAR,statistical_ml,50,,,,
RKLB,10,XGBoost,statistical_ml,50,4.938910350237682,0.8575970175187075,0.15159438104861034,0.48
RKLB,20,ARIMA,statistical_ml,50,6.473961103160881,1.4891511784906437,0.2074548954179499,0.38
RKLB,20,Chronos-LoRA-V1,chronos_lora,50,6.946497325452176,1.5368239272304938,0.20638094262797796,0.56
RKLB,20,Chronos-LoRA-V2,chronos_lora,50,7.117017457084996,1.4807096969511395,0.20556577358128858,0.6
RKLB,20,Chronos-LoRA-V3,chronos_lora,50,7.0240918380589354,1.4969768057575905,0.2060314224621486,0.56
RKLB,20,EGARCH,statistical_ml,50,,,,
RKLB,20,ETS,statistical_ml,50,6.619923512927918,1.4629825295510943,0.20373572505164056,0.48
RKLB,20,GARCH,statistical_ml,50,6.517517497357302,1.4684765137868938,0.20640348832362673,0.48
RKLB,20,GJR-GARCH,statistical_ml,50,6.5165615478608085,1.475030535644958,0.20622428630615022,0.52
RKLB,20,LightGBM,statistical_ml,50,8.062047199594772,1.5057730218746124,0.26664423416964217,0.64
RKLB,20,Naive,statistical_ml,50,6.459099698066711,1.4749999046325684,0.20570434219817474,
RKLB,20,VAR,statistical_ml,50,,,,
RKLB,20,XGBoost,statistical_ml,50,7.841517227609782,1.3196537784209563,0.25426964355670395,0.62
SMCI,1,ARIMA,statistical_ml,50,0.3146926143946629,0.04532432797594854,0.02365052273494176,0.5
SMCI,1,Chronos-LoRA-V1,chronos_lora,50,0.3227584402848557,0.05117508424778139,0.023714615728602215,0.6
SMCI,1,Chronos-LoRA-V2,chronos_lora,50,0.3201510751933629,0.050897286959295185,0.02353513116624194,0.58
SMCI,1,Chronos-LoRA-V3,chronos_lora,50,0.32033503595168744,0.05147738380834865,0.023546431039551907,0.6
SMCI,1,EGARCH,statistical_ml,50,0.3155505574864431,0.04944039206761042,0.023679075714608092,0.62
SMCI,1,ETS,statistical_ml,50,0.32202433655920465,0.0492449437642275,0.024103035221292562,0.42
SMCI,1,GARCH,statistical_ml,50,0.3155424574503196,0.04970843263348068,0.023671842834668545,0.64
SMCI,1,GJR-GARCH,statistical_ml,50,0.3155662206474932,0.049629397335728576,0.023676561825386796,0.64
SMCI,1,LightGBM,statistical_ml,50,0.2944651302927697,0.05304312522884258,0.025296316933682384,0.56
SMCI,1,Naive,statistical_ml,50,0.3167200446128846,0.04949992895126354,0.023822691906984394,
SMCI,1,VAR,statistical_ml,50,,,,
SMCI,1,XGBoost,statistical_ml,50,0.3099976031305017,0.07217508631196701,0.0275626941024623,0.52
SMCI,5,ARIMA,statistical_ml,50,0.9879626479735722,0.13082686503006746,0.0632549791886983,0.56
SMCI,5,Chronos-LoRA-V1,chronos_lora,50,1.051406384843389,0.11207630528912516,0.0635802749640296,0.54
SMCI,5,Chronos-LoRA-V2,chronos_lora,50,1.072901462161569,0.10012794608326114,0.06339436322300597,0.56
SMCI,5,Chronos-LoRA-V3,chronos_lora,50,1.06193151111985,0.10583694615941264,0.06339267095261267,0.54
SMCI,5,EGARCH,statistical_ml,50,,,,
SMCI,5,ETS,statistical_ml,50,1.0043918035382307,0.12081914534288751,0.06434936528610248,0.6
SMCI,5,GARCH,statistical_ml,50,0.9962174263493355,0.12000293915412041,0.06284212763485185,0.6
SMCI,5,GJR-GARCH,statistical_ml,50,0.9962769856930197,0.12061617574600758,0.06289367528581216,0.6
SMCI,5,LightGBM,statistical_ml,50,1.0879316172596742,0.16877437782751614,0.07643547609417853,0.58
SMCI,5,Naive,statistical_ml,50,0.985999993085861,0.13050007820129395,0.06338267709999769,
SMCI,5,VAR,statistical_ml,50,,,,
SMCI,5,XGBoost,statistical_ml,50,1.0116310643696211,0.16150925428733232,0.07046299700610581,0.62
SMCI,10,ARIMA,statistical_ml,50,1.7198871168168153,0.1940950110179258,0.10076579040150462,0.52
SMCI,10,Chronos-LoRA-V1,chronos_lora,50,1.8327968766676168,0.17416378163623236,0.10198848912135325,0.54
SMCI,10,Chronos-LoRA-V2,chronos_lora,50,1.851921296559604,0.17146335138115543,0.10098815649854848,0.56
SMCI,10,Chronos-LoRA-V3,chronos_lora,50,1.838466838281903,0.17236252527919427,0.10140703794650947,0.56
SMCI,10,EGARCH,statistical_ml,50,,,,
SMCI,10,ETS,statistical_ml,50,1.7570653490397785,0.1946822299838904,0.1027195100315452,0.6
SMCI,10,GARCH,statistical_ml,50,1.7318180132172152,0.17311325937947708,0.10001620576689746,0.6
SMCI,10,GJR-GARCH,statistical_ml,50,1.7320667700621186,0.17409864417023946,0.10009908361253517,0.6
SMCI,10,LightGBM,statistical_ml,50,1.707893505881518,0.23806743918676215,0.1196244395376157,0.42
SMCI,10,Naive,statistical_ml,50,1.7189599061012266,0.19550001621246338,0.10075548656400132,
SMCI,10,VAR,statistical_ml,50,,,,
SMCI,10,XGBoost,statistical_ml,50,1.653246761693075,0.24939821582962884,0.12312601881987734,0.44
SMCI,20,ARIMA,statistical_ml,50,1.8695808305198367,0.34284110871381346,0.1323469809758882,0.46
SMCI,20,Chronos-LoRA-V1,chronos_lora,50,1.9492918911090988,0.32141710513585564,0.13280477933975177,0.56
SMCI,20,Chronos-LoRA-V2,chronos_lora,50,2.0039706661954955,0.32415765497034565,0.13487328475607327,0.56
SMCI,20,Chronos-LoRA-V3,chronos_lora,50,1.9653649772822277,0.32697228292505887,0.1334583442538491,0.54
SMCI,20,EGARCH,statistical_ml,50,,,,
SMCI,20,ETS,statistical_ml,50,1.947008124361638,0.332010860177661,0.13664648353330092,0.5
SMCI,20,GARCH,statistical_ml,50,1.7942611769127381,0.3050078815117404,0.13072958032146356,0.58
SMCI,20,GJR-GARCH,statistical_ml,50,1.7945885339775334,0.3063920151288567,0.1307796615006761,0.58
SMCI,20,LightGBM,statistical_ml,50,2.460380147269392,0.35043873162260075,0.16963722054987176,0.52
SMCI,20,Naive,statistical_ml,50,1.8688801360130314,0.3424999713897706,0.13208970372594653,
SMCI,20,VAR,statistical_ml,50,,,,
SMCI,20,XGBoost,statistical_ml,50,2.3977109547112825,0.3717879646721425,0.17195921521473104,0.54
