cutoff_date,horizon,last_price,actual_final,ml_pred,chronos_p10,chronos_p50,chronos_p90,ml_mae,chronos_mae,ml_direction,chronos_direction,actual_return,chronos_p10_return,chronos_p50_return,chronos_p90_return
2018-08-29,1,55.745,56.2575,55.813916595139304,54.50503921508789,55.703704833984375,56.86274719238281,0.44358340486069636,0.5537951660156253,1.0,0.0,0.009193649654677616,-0.02224344398443101,-0.0007407869049353977,0.020051075296130927
2018-08-29,5,55.745,55.775,55.393187420321624,53.72547149658203,55.681968688964844,57.3463020324707,0.3818125796783747,0.09303131103515483,0.0,0.0,0.0005381648578348663,-0.03622797566450742,-0.0011307078847457852,0.028725482688504833
2018-08-29,10,55.745,56.6025,56.113883580835534,53.380104064941406,55.90211868286133,58.3032112121582,0.4886164191644653,0.700381317138671,1.0,1.0,0.01538254551977758,-0.04242346282282883,0.002818525120841908,0.04589131244341571
2018-08-29,20,55.745,56.2375,57.855117703713475,52.658870697021484,56.09029769897461,59.562313079833984,1.6176177037134778,0.14720230102538778,1.0,1.0,0.008834873082787631,-0.05536154458657305,0.006194236235978368,0.0684781250306572
2018-12-28,1,39.0575,39.435,38.94878827271459,37.60323715209961,38.922325134277344,40.21755599975586,0.48621172728541495,0.5126748657226585,0.0,0.0,0.009665237150355388,-0.037233894844790116,-0.003460919560203668,0.029701235351875077
2018-12-28,5,39.0575,36.9825,36.71202832257375,36.18128204345703,38.867164611816406,41.60344696044922,0.2704716774262508,1.8846646118164045,1.0,1.0,-0.05312680023042937,-0.07364060568502762,-0.004873209708342596,0.06518458581448439
2018-12-28,10,39.0575,37.5,36.035928701180964,34.97324752807617,38.90846633911133,42.933387756347656,1.4640712988190359,1.4084663391113281,1.0,1.0,-0.03987710426934643,-0.10457024827302885,-0.003815750134767204,0.09923542869737334
2018-12-28,20,39.0575,38.67,34.2223728990741,32.20375442504883,38.670501708984375,44.95275115966797,4.447627100925899,0.0005017089843732947,1.0,1.0,-0.009921269922549936,-0.17547834794728723,-0.00990842452833951,0.15093774971946416
2019-04-30,1,50.1675,52.63,50.86812854424119,49.18234634399414,50.196781158447266,50.96338653564453,1.7618714557588149,2.433218841552737,1.0,1.0,0.04908556336273495,-0.01963728820463162,0.0005836678815422935,0.01586458435530047
2019-04-30,5,50.1675,50.715,50.834138385001566,48.54457473754883,50.388214111328125,52.214542388916016,0.1191383850015626,0.3267858886718784,1.0,1.0,0.010913439976080186,-0.03235013230579897,0.004399543754983304,0.04080415386287983
2019-04-30,10,50.1675,47.165,53.513281108215445,47.816898345947266,50.5770378112793,53.0640983581543,6.348281108215446,3.4120378112792977,0.0,0.0,-0.059849504161060385,-0.046855068601240446,0.00816340880608557,0.057738543043889035
2019-04-30,20,50.1675,44.345,55.98171414826065,46.40778350830078,50.84260559082031,54.974056243896484,11.636714148260651,6.497605590820314,0.0,0.0,-0.11606119499676082,-0.07494326987988664,0.013457030763349032,0.09581016083911864
2019-08-27,1,51.04,51.3825,51.25670555897057,49.924652099609375,51.07468795776367,52.10490036010742,0.12579444102942716,0.3078120422363284,1.0,1.0,0.006710423197492155,-0.021852427515490325,0.0006796229969372458,0.020864035268562287
2019-08-27,5,51.04,52.2975,50.756593102365734,49.080013275146484,51.20872116088867,53.403778076171875,1.5409068976342652,1.0887788391113276,0.0,1.0,0.024637539184952928,-0.038400993825499885,0.003305665377912881,0.046312266382677825
2019-08-27,10,51.04,55.8975,47.03724668383598,48.29206466674805,51.310272216796875,54.2341194152832,8.86025331616402,4.587227783203126,0.0,1.0,0.09517045454545459,-0.053838858410108825,0.005295302053230255,0.06258070954708472
2019-08-27,20,51.04,55.2575,44.447954149246215,46.91616439819336,51.40964889526367,55.86521530151367,10.809545850753786,3.8478511047363284,0.0,1.0,0.08263126959247646,-0.08079615207301405,0.007242337289648848,0.09453791734940586
2019-12-24,1,71.0675,72.4775,70.9915722368515,69.14594268798828,70.92922973632812,72.70025634765625,1.48592776314851,1.5482702636718813,0.0,0.0,0.019840292679494942,-0.02703848189413882,-0.0019456187944119074,0.022974726107661825
2019-12-24,5,71.0675,75.0875,71.7372878440097,68.92584991455078,71.26226043701172,73.40521240234375,3.350212155990306,3.825239562988287,1.0,1.0,0.056565940830900274,-0.030135435824381274,0.002740499342339664,0.03289425408722346
2019-12-24,10,71.0675,77.4075,69.47793834886048,68.88449096679688,71.72676086425781,74.65367126464844,7.929561651139522,5.680739135742186,0.0,1.0,0.08921096140992724,-0.030717402936688676,0.009276545034760053,0.05046148048894983
2019-12-24,20,71.0675,79.5775,68.83270989901386,68.04837799072266,72.12135314941406,76.52739715576172,10.744790100986137,7.456146850585938,0.0,1.0,0.11974531255496546,-0.042482456949763825,0.014828904202540683,0.07682692026259152
2020-04-24,1,70.7425,70.7925,71.21075214246173,68.29288482666016,70.768310546875,72.6875991821289,0.41825214246172493,0.02418945312500398,1.0,1.0,0.0007067887055165478,-0.03462720674756825,0.0003648520602890226,0.027495482660761184
2020-04-24,5,70.7425,72.2675,71.3091497302684,66.7142333984375,70.80087280273438,74.62236785888672,0.9583502697315964,1.4666271972656233,1.0,1.0,0.02155705551825271,-0.056942666735873115,0.0008251447536398171,0.054844935631151115
2020-04-24,10,70.7425,77.5325,73.36872563002632,65.38568878173828,71.13260650634766,76.26800537109375,4.16377436997368,6.399893493652343,1.0,1.0,0.09598190620913871,-0.07572267333302785,0.005514457452700183,0.0781072957711948
2020-04-24,20,70.7425,79.7225,73.38866110067815,62.06309509277344,71.42446899414062,79.60150909423828,6.333838899321847,8.298031005859372,1.0,1.0,0.1269392515107608,-0.122690107180642,0.009640159651420621,0.1252289513975089
2020-08-21,1,124.37,125.8575,125.25754206204321,117.85148620605469,122.30003356933594,127.19070434570312,0.5999579379567876,3.557466430664064,1.0,0.0,0.011960279810243613,-0.05241226818320588,-0.016643615266254463,0.022679941671650106
2020-08-21,5,124.37,124.8075,125.75349870807491,117.64837646484375,123.753173828125,129.8785400390625,0.9459987080749102,1.0543261718750045,1.0,0.0,0.003517729355954069,-0.05404537698123546,-0.00495960578817245,0.04429154972310445
2020-08-21,10,124.37,120.96,129.87114723451435,118.40089416503906,125.92921447753906,134.27442932128906,8.91114723451436,4.969214477539069,0.0,0.0,-0.027418187665835925,-0.047994740170145045,0.012536901805411782,0.07963680406278884
2020-08-21,20,124.37,110.08,128.92179666310548,117.32427978515625,129.20315551757812,144.4036865234375,18.841796663105484,19.123155517578127,0.0,0.0,-0.11489909142076071,-0.056651284191073015,0.038861104105315736,0.1610813421519457
2020-12-18,1,126.655,128.23,128.54416061379948,123.43975830078125,126.74964141845703,129.6690216064453,0.314160613799487,1.4803585815429585,1.0,1.0,0.012435355888042121,-0.025385825267212114,0.0007472379176267641,0.023797099257394594
2020-12-18,5,126.655,136.69,132.31301015745848,122.50021362304688,127.55811309814453,132.3202362060547,4.376989842541519,9.131886901855466,1.0,1.0,0.07923098180095534,-0.03280396649917594,0.007130497004812497,0.04472966883308738
2020-12-18,10,126.655,131.01,134.2012608535774,122.48528289794922,129.25010681152344,136.47744750976562,3.191260853577404,1.7598931884765534,1.0,1.0,0.034384745963443875,-0.03292185150251303,0.02048957255160433,0.07755278125431775
2020-12-18,20,126.655,132.03,133.77339099634438,118.96279907226562,130.4934539794922,143.01913452148438,1.7433909963443739,1.5365460205078136,1.0,1.0,0.04243811930046193,-0.060733495935686554,0.030306375425306342,0.12920243592029035
2021-04-21,1,133.5,131.94,133.23888892075047,129.5880889892578,133.05404663085938,135.75912475585938,1.2988889207504712,1.1140466308593773,1.0,1.0,-0.01168539325842699,-0.029302704200316,-0.003340474675210703,0.01692228281542607
2021-04-21,5,133.5,133.58,136.62926855217665,127.21054077148438,132.9587860107422,138.3219757080078,3.049268552176642,0.621213989257825,1.0,0.0,0.0005992509363297316,-0.04711205414618447,-0.0040540373727177,0.036119668224777524
2021-04-21,10,133.5,128.1,140.27689727582037,125.89789581298828,133.8378448486328,141.8533935546875,12.17689727582038,5.737844848632818,0.0,0.0,-0.04044943820224722,-0.0569446006517732,0.0025306730234666563,0.06257223636470033
2021-04-21,20,133.5,124.69,135.97383308038116,120.0550308227539,132.94895935058594,147.47186279296875,11.283833080381157,8.25895935058594,0.0,1.0,-0.06599250936329593,-0.10071137960483967,-0.004127645313963035,0.1046581482619382
2021-08-18,1,146.36,146.7,145.2531612297334,143.638916015625,146.40826416015625,148.68734741210938,1.446838770266595,0.29173583984373863,0.0,1.0,0.0023230390817161606,-0.01859171894216327,0.00032976332437995026,0.01590152645606291
2021-08-18,5,146.36,148.36,150.01861048519612,141.8411865234375,146.5692138671875,150.91632080078125,1.6586104851961068,1.7907861328125136,1.0,1.0,0.013664935774801767,-0.030874647967767954,0.0014294470291573713,0.031130915556034644
2021-08-18,10,146.36,152.51,151.94828503444793,140.82452392578125,147.44439697265625,154.11767578125,0.5617149655520564,5.065603027343741,1.0,1.0,0.04201967750751545,-0.03782096251857581,0.007409107492868605,0.05300407065625845
2021-08-18,20,146.36,148.79,171.2317480939627,136.6650848388672,147.28839111328125,158.49734497070312,22.4417480939627,1.501608886718742,1.0,1.0,0.016602896966384062,-0.0662401965095164,0.006343202468442444,0.08292801975063613
2021-12-15,1,179.3,172.26,179.21534629403615,172.84902954101562,178.9696044921875,183.9185791015625,6.955346294036161,6.709604492187509,1.0,1.0,-0.0392638036809817,-0.03597864171212706,-0.0018426966414529788,0.025758946467163923
2021-12-15,5,179.3,175.64,177.9012642466929,170.6154022216797,180.84193420410156,190.80194091796875,2.2612642466929174,5.201934204101576,1.0,0.0,-0.020412716118237695,-0.048436128155718516,0.00859974458506163,0.06414914064678601
2021-12-15,10,179.3,178.2,176.3747929483652,168.8549041748047,183.10302734375,197.48468017578125,1.8252070516347771,4.903027343750011,1.0,0.0,-0.00613496932515345,-0.05825485680532805,0.021210414633296093,0.10142041369649313
2021-12-15,20,179.3,172.19,169.53833638951184,164.70278930664062,184.05551147460938,207.30001831054688,2.651663610488157,11.865511474609377,1.0,0.0,-0.039654210819855096,-0.08141221803323695,0.02652265183831215,0.15616295767176158
2022-04-14,1,165.29,165.07,163.00223351527004,161.39454650878906,165.3443145751953,168.4630889892578,2.067766484729958,0.2743145751953193,1.0,0.0,-0.0013309940105269424,-0.02356738756858212,0.00032860170122406274,0.019197101998050803
2022-04-14,5,165.29,161.79,164.64257665354293,157.746337890625,165.47837829589844,173.6319122314453,2.8525766535429398,3.6883782958984455,1.0,0.0,-0.02117490471292882,-0.045638950386441945,0.001139683561609539,0.05046834189270566
2022-04-14,10,165.29,157.65,165.87068624072708,155.21714782714844,166.23580932617188,176.929443359375,8.220686240727076,8.58580932617187,0.0,0.0,-0.04622179200193588,-0.060940481413585545,0.00572212067379696,0.07041831544179922
2022-04-14,20,165.29,147.11,169.1419071585685,150.3748779296875,166.7141571044922,183.211669921875,22.031907158568487,19.604157104492174,0.0,0.0,-0.10998850505172719,-0.0902360824630195,0.008616111709675023,0.10842561511207571
2022-08-15,1,173.19,173.03,173.84475447828882,168.13949584960938,173.1131591796875,177.45655822753906,0.814754478288819,0.08315917968749886,0.0,1.0,-0.0009238408684103527,-0.029161638376295484,-0.000443679313542944,0.024635130362833157
2022-08-15,5,173.19,167.57,170.71321478194557,165.80218505859375,173.44166564941406,181.05657958984375,3.1432147819455736,5.871665649414069,1.0,0.0,-0.0324499105029159,-0.04265728356952625,0.0014531188256485805,0.045421673248130734
2022-08-15,10,173.19,161.38,166.5635715917498,163.6751708984375,174.01380920410156,184.1539306640625,5.183571591749796,12.633809204101567,1.0,0.0,-0.06819100409954382,-0.05493867487477622,0.004756678815760473,0.0633057951617444
2022-08-15,20,173.19,153.84,149.337756408602,158.79702758789062,173.74855041503906,188.9854278564453,4.502243591398013,19.90855041503906,1.0,0.0,-0.11172700502338473,-0.08310510082631428,0.003225073128004352,0.09120288617382832
2022-12-12,1,144.49,145.47,143.4244303141674,140.64439392089844,144.20242309570312,147.7897491455078,2.0455696858325894,1.2675769042968739,0.0,0.0,0.006782476295937423,-0.02661503272961152,-0.0019902893231149577,0.02283721465504751
2022-12-12,5,144.49,132.37,144.4890263372621,136.74891662597656,144.1542205810547,151.64527893066406,12.119026337262085,11.784220581054683,1.0,1.0,-0.08388123745587928,-0.053575218866519836,-0.0023238938261839204,0.04952092830413224
2022-12-12,10,144.49,130.03,147.2786374604702,134.3798065185547,144.11056518554688,154.51504516601562,17.248637460470206,14.080565185546874,0.0,1.0,-0.1000761298359748,-0.06997157921963681,-0.002626028198858932,0.06938227673898267
2022-12-12,20,144.49,133.49,163.23388906925916,129.27890014648438,143.91281127929688,159.7050323486328,29.743889069259154,10.422811279296866,0.0,1.0,-0.07612983597480794,-0.10527441244041547,-0.003994662057603571,0.10530162882298288
2023-04-13,1,165.56,165.21,166.8246589825116,160.79527282714844,164.83465576171875,168.59742736816406,1.6146589825115996,0.37534423828125796,0.0,1.0,-0.0021140372070548308,-0.028779458642495537,-0.004381156307569745,0.01834638420007284
2023-04-13,5,165.56,166.65,164.95858486286366,157.15966796875,164.4513702392578,171.9931640625,1.691415137136346,2.198629760742193,0.0,0.0,0.006583715873399454,-0.0507388984733631,-0.006696241608735165,0.03885699482060878
2023-04-13,10,165.56,168.41,173.79115727260708,154.34619140625,164.30763244628906,174.4591827392578,5.3811572726070835,4.102367553710934,1.0,0.0,0.01721430297173221,-0.06773259599993964,-0.007564433158437689,0.05375200978048933
2023-04-13,20,165.56,173.75,161.46585775002836,148.77951049804688,164.11322021484375,179.7522430419922,12.284142249971637,9.63677978515625,0.0,0.0,0.04946847064508342,-0.10135594045634888,-0.008738703703528916,0.08572265669239054
2023-08-11,1,177.79,179.46,179.40642550628633,174.72711181640625,178.1310272216797,180.9068603515625,0.053574493713682614,1.3289727783203205,1.0,1.0,0.00939310422408468,-0.017227561637852218,0.0019181462493935708,0.017531134212062094
2023-08-11,5,177.79,174.49,179.66810755511744,171.78843688964844,177.92279052734375,184.47003173828125,5.178107555117435,3.432790527343741,0.0,0.0,-0.018561223915855685,-0.033756471738295435,0.0007468953672520318,0.0375725954118975
2023-08-11,10,177.79,178.61,179.7734328916855,168.85775756835938,177.809814453125,186.8851318359375,1.1634328916854884,0.8001855468750136,1.0,1.0,0.004612182912424823,-0.05024040964981502,0.00011144863673440142,0.05115659956092866
2023-08-11,20,177.79,179.36,164.05282616153357,164.96788024902344,177.5968475341797,190.32797241210938,15.30717383846644,1.7631524658203261,0.0,0.0,0.008830642893301155,-0.07211946538599778,-0.0010864079296940554,0.07052124648241964
2023-12-08,1,195.71,193.18,195.76768633198023,192.6511688232422,196.08522033691406,199.0142364501953,2.5876863319802226,2.9052203369140557,0.0,0.0,-0.012927290378621392,-0.01562940665657253,0.0019172261862656637,0.016883329672450653
2023-12-08,5,195.71,197.57,195.3879987786431,190.79513549804688,196.3568572998047,201.52606201171875,2.1820012213568987,1.2131427001953057,0.0,1.0,0.009503857748709654,-0.02511299627997099,0.0033051826672356732,0.029717755923145184
2023-12-08,10,195.71,193.6,184.0321087238565,189.2578582763672,196.55052185058594,203.71697998046875,9.567891276143484,2.950521850585943,1.0,0.0,-0.010781257983751513,-0.03296786941716223,0.004294731237984406,0.04091247243609808
2023-12-08,20,195.71,185.14,184.58441119715573,185.37635803222656,195.6078338623047,205.87551879882812,0.5555888028442553,10.467833862304701,1.0,1.0,-0.054008481937560804,-0.05280078671388,-0.0005220281932212245,0.05194174441177313
2024-04-10,1,167.78,175.04,166.32478746978566,164.8633575439453,167.2913360595703,169.7791748046875,8.71521253021433,7.7486639404296795,0.0,0.0,0.04327095005364168,-0.017383731410505976,-0.0029125279558331885,0.011915453598089654
2024-04-10,5,167.78,168.0,165.91874693388118,161.77394104003906,167.39804077148438,173.0422821044922,2.081253066118819,0.601959228515625,0.0,0.0,0.001311240910716327,-0.0357972282748894,-0.0022765480302516794,0.03136417990518647
2024-04-10,10,167.78,169.02,166.74616005024873,159.04901123046875,167.2492218017578,175.43438720703125,2.2738399497512773,1.7707781982421977,0.0,0.0,0.007390630587674307,-0.052038316661886075,-0.003163536763870489,0.04562157114692611
2024-04-10,20,167.78,182.74,167.3545009767171,155.44808959960938,167.88116455078125,179.9373321533203,15.385499023282904,14.858835449218759,0.0,1.0,0.08916438192871623,-0.07350047920127922,0.0006029595349936745,0.07245996038455305
2024-08-08,1,213.31,216.24,212.63498050540687,208.5175018310547,213.228759765625,217.2000274658203,3.6050194945931366,3.011240234375009,0.0,0.0,0.013735877361586546,-0.022467292527051264,-0.00038085525467634884,0.018236498363041198
2024-08-08,5,213.31,224.72,207.97679975602776,204.96533203125,213.50576782226562,221.76132202148438,16.74320024397224,11.214232177734374,0.0,1.0,0.05349022549341331,-0.039119909843654765,0.0009177620470939285,0.03961990540286142
2024-08-08,10,213.31,224.53,217.23735635129736,202.2779541015625,213.80258178710938,224.9749298095703,7.2926436487026365,10.727418212890626,1.0,1.0,0.05259950307064831,-0.05171837184584638,0.002309229699073434,0.054685339691389556
2024-08-08,20,213.31,220.82,224.1475774294138,197.18663024902344,213.35317993164062,229.34521484375,3.327577429413793,7.466820068359368,1.0,1.0,0.035206975762974047,-0.07558656298802946,0.00020242807013559627,0.07517329165885323
2024-12-05,1,243.04,242.84,243.97680246487258,238.2904052734375,243.34622192382812,248.22549438476562,1.1368024648725736,0.5062219238281216,0.0,0.0,-0.0008229098090848375,-0.019542440448331533,0.0012599651243752064,0.021335970970892237
2024-12-05,5,243.04,247.96,255.9328745853901,235.01998901367188,243.1903076171875,250.66299438476562,7.9728745853900875,4.769692382812508,1.0,1.0,0.020243581303489133,-0.03299872854809138,0.0006184480628188549,0.03136518426911472
2024-12-05,10,243.04,249.79,247.64790101021526,233.39193725585938,243.8462371826172,254.5655517578125,2.142098989784728,5.9437628173828045,1.0,1.0,0.027773206056616262,-0.039697427354100645,0.0033173024301234033,0.04742244798309958
2024-12-05,20,243.04,245.0,255.83967055380344,229.8846893310547,244.7542266845703,260.71966552734375,10.839670553803444,0.2457733154296875,1.0,1.0,0.008064516129032251,-0.054128170955173194,0.007053269768640291,0.07274385091895885
2025-04-08,1,172.42,198.85,163.73188635081053,162.5057830810547,169.721923828125,176.7161865234375,35.11811364918947,29.128076171874994,0.0,0.0,0.15328848161466202,-0.05750038811591052,-0.015648278458850418,0.0249169848244839
2025-04-08,5,172.42,202.14,157.56139910161494,157.91403198242188,173.63653564453125,189.3218231201172,44.57860089838505,28.503464355468736,0.0,1.0,0.17236979468739122,-0.08413158576486557,0.0070556527347829245,0.09802704512305538
2025-04-08,10,172.42,204.6,183.76399568751452,157.2987060546875,178.1090850830078,198.1669921875,20.83600431248547,26.490914916992182,1.0,1.0,0.18663728105788202,-0.08770034767029633,0.03299550564324227,0.14932717890905933
2025-04-08,20,172.42,196.25,155.62863093346357,155.2270965576172,179.3596649169922,205.60870361328125,40.62136906653643,16.890335083007812,0.0,1.0,0.13820902447511907,-0.09971525021681249,0.040248607568682315,0.1924875514051807
2025-08-07,1,220.03,229.35,220.74743630545913,215.55810546875,219.87750244140625,224.13914489746094,8.602563694540862,9.472497558593744,1.0,0.0,0.04235786029177846,-0.020324021866336417,-0.0006930762104883081,0.018675384708725762
2025-08-07,5,220.03,232.78,221.27002065346576,207.32591247558594,218.12551879882812,229.33018493652344,11.509979346534237,14.654481201171876,1.0,0.0,0.05794664363950375,-0.057737979022924435,-0.008655552429995383,0.04226780410181985
2025-08-07,10,220.03,224.9,219.13467661471572,201.2599334716797,216.27247619628906,231.30421447753906,5.76532338528429,8.627523803710943,0.0,0.0,0.022133345452892916,-0.08530685146716499,-0.01707732492710512,0.051239442246689304
2025-08-07,20,220.03,239.69,225.86176132870838,196.81948852539062,219.23280334472656,241.6719207763672,13.828238671291615,20.457196655273435,1.0,0.0,0.08935145207471717,-0.10548794016547458,-0.0036231270975477514,0.09835895458058985
2025-12-04,1,280.7,278.78,277.6701213892549,274.1025695800781,280.09808349609375,285.67578125,1.1098786107450564,1.3180834960937773,1.0,1.0,-0.006840042750267283,-0.023503492767801393,-0.0021443409472968744,0.01772633149269698
2025-12-04,5,280.7,278.03,283.56649598069487,269.7821350097656,280.3211975097656,289.9208679199219,5.536495980694895,2.2911975097656523,0.0,1.0,-0.00951193444959042,-0.03889513712231696,-0.001349492305786848,0.032849547274392155
2025-12-04,10,280.7,272.19,296.80866002850235,267.0437927246094,280.92291259765625,294.55462646484375,24.618660028502347,8.732912597656252,0.0,0.0,-0.030317064481652944,-0.04865054248446954,0.0007941310924697298,0.04935741526485127
2025-12-04,20,280.7,267.26,299.1126610808074,260.71112060546875,281.42333984375,302.1239929199219,31.852661080807422,14.163339843750009,0.0,0.0,-0.04788029925187032,-0.071210827910692,0.002576914299073696,0.0763234517987954
2026-04-07,1,253.5,258.9,253.36795679104398,248.2421417236328,253.01300048828125,256.8222961425781,5.532043208955997,5.886999511718727,0.0,0.0,0.02130177514792897,-0.020741058289416858,-0.0019211026103304052,0.013105704704450272
2026-04-07,5,253.5,258.83,255.9663349762559,243.136474609375,253.3291015625,263.6239929199219,2.8636650237440904,5.500898437499984,1.0,0.0,0.021025641025640862,-0.04088175696499019,-0.0006741555719921299,0.03993685569988914
2026-04-07,10,253.5,266.17,259.76577681396157,236.6215057373047,252.54087829589844,267.6160583496094,6.40422318603845,13.629121704101578,1.0,0.0,0.04998027613412237,-0.06658183141102691,-0.0037835175704203916,0.05568464832193043
2026-04-07,20,253.5,284.18,252.8127773971064,229.32089233398438,251.97056579589844,273.6629638671875,31.367222602893605,32.20943420410157,0.0,0.0,0.12102564102564095,-0.09538109532945016,-0.006033271022096942,0.07953831900271213
2026-08-06,1,312.41,313.33,315.0342796938308,304.9637756347656,313.3275146484375,320.61895751953125,1.704279693830813,0.002485351562484084,1.0,1.0,0.0029448481162572815,-0.02383478238607728,0.0029368927000974487,0.026276231617205603
2026-08-06,5,312.41,305.26,334.5823611429334,298.05181884765625,313.676513671875,329.220458984375,29.322361142933403,8.416513671875009,0.0,0.0,-0.022886591338305506,-0.04595941599930786,0.004054011305255845,0.05380896573213079
2026-08-06,10,312.41,311.3,342.3593906580657,292.35394287109375,313.6737060546875,334.30682373046875,31.059390658065695,2.3737060546874886,0.0,0.0,-0.0035530232707020604,-0.06419787179957837,0.004045024342010484,0.07009002186379676
2026-08-06,20,312.41,328.21,360.81673087552196,284.12152099609375,314.104736328125,342.8275146484375,32.606730875521976,14.10526367187498,1.0,1.0,0.050574565474856614,-0.0905492109852638,0.005424718568947773,0.09736408773226679
