ticker,date,actual_return,rolling_vol,threshold,actual_spike,ml_return,ml_spike_warning,chronos_p10_return,chronos_p90_return,chronos_spike_warning
AAPL,2011-03-14,0.004460158412304516,0.014429410055006314,0.028858820110012628,False,-0.001529914909042307,False,-0.01507252184786434,0.020395778932964514,False
AAPL,2011-07-06,0.006667573682985539,0.016088724658559105,0.03217744931711821,False,0.004270659759640694,False,-0.0211397764159148,0.01758753916526601,False
AAPL,2011-10-26,0.007114830957233975,0.024580418080728295,0.04916083616145659,False,0.020265892148017883,False,-0.02563801656231457,0.012707185243399088,False
AAPL,2012-02-21,0.02535302995483213,0.017792066866990235,0.03558413373398047,False,0.008306704461574554,False,-0.0308255602088503,0.02619975446640188,False
AAPL,2012-06-13,-0.0069428418656197755,0.019646710261332915,0.03929342052266583,False,0.00016440817853435874,False,-0.02762405011578961,0.027500307971838556,False
AAPL,2012-10-04,-0.006925222819020527,0.0146515037758187,0.0293030075516374,False,0.010928845033049583,False,-0.027454352208907795,0.023995712660088486,False
AAPL,2013-01-31,-0.0029329128527638693,0.03450341369398481,0.06900682738796962,False,0.01616583950817585,False,-0.03611404059559842,0.01826909852467451,False
AAPL,2013-05-24,0.0068077533326771356,0.017183360473809067,0.03436672094761813,False,0.0005324705853126943,False,-0.02233678455862509,0.022101759349717698,False
AAPL,2013-09-17,0.01155270804636599,0.018266765022170003,0.036533530044340005,False,0.003548322943970561,False,-0.023303551880230033,0.03055348915330569,False
AAPL,2014-01-09,-0.012769852206867327,0.012622313158029698,0.025244626316059397,False,0.003534565446898341,False,-0.011667377294213188,0.0226786248755646,False
AAPL,2014-05-05,0.01414124446716336,0.02192175441521296,0.04384350883042592,False,0.002790542086586356,False,-0.012919373588701877,0.01726651565929993,False
AAPL,2014-08-26,-0.0064013082158485,0.009023184087922057,0.018046368175844114,False,0.005126125644892454,False,-0.020018914313619685,0.021077351316864057,True
AAPL,2014-12-17,0.024918085674496826,0.014118415254039757,0.028236830508079513,False,-0.0018389049218967557,False,-0.02025779414483897,0.014763004464880325,False
AAPL,2015-04-14,-0.0043361181523605685,0.012650522554392474,0.025301045108784948,False,0.0007371914689429104,False,-0.02163276468397768,0.016744817593981054,False
AAPL,2015-08-05,0.006629199065646407,0.018152496352371896,0.03630499270474379,False,-0.0005395433399826288,False,-0.0315444744693838,0.012328090302636374,False
AAPL,2015-11-25,-0.007150188201904051,0.017463689584426623,0.034927379168853245,False,0.0010491206776350737,False,-0.015777250459801717,0.013024719124213213,False
AAPL,2016-03-22,0.007647852886431661,0.012838471149544638,0.025676942299089275,False,-0.00464621651917696,False,-0.016067286001992476,0.017472078211437925,False
AAPL,2016-07-14,0.019820451362967173,0.011383420691875137,0.022766841383750274,False,-0.002736511407420039,False,-0.015437865568961429,0.016074906058385796,False
AAPL,2016-11-03,-0.01071878092459111,0.009129211405909391,0.018258422811818782,False,-0.016271252185106277,False,-0.011939919218615036,0.01722307262252487,False
AAPL,2017-03-01,0.02043904268959773,0.013694602636383462,0.027389205272766923,False,0.0012936878483742476,False,-0.011155795139144442,0.008918243105505042,False
AAPL,2017-06-22,-0.0016450556162370678,0.013968319030504344,0.027936638061008687,False,-0.00633738748729229,False,-0.013090387356334054,0.019202318375458605,False
AAPL,2017-10-13,0.0063463683018247785,0.009107687034354573,0.018215374068709145,False,-0.002642673207446933,False,-0.0163505303543503,0.009862519871147724,False
AAPL,2018-02-07,-0.021407164107031362,0.0172071235151774,0.0344142470303548,False,0.00249319220893085,False,-0.01759483608031409,0.013148539332259013,False
AAPL,2018-06-01,0.018034057036322437,0.010407096917030045,0.02081419383406009,False,-0.005491851828992478,False,-0.012251081218769277,0.001601612885743009,False
AAPL,2018-09-24,0.014380374473740964,0.013654536085384139,0.027309072170768278,False,0.007249518297612667,False,-0.020643365184786933,0.020497734941532286,False
AAPL,2019-01-18,0.006159089013166419,0.034096988040053386,0.06819397608010677,False,0.002365575172007084,False,-0.035686188757040216,0.024183323958831382,False
AAPL,2019-05-14,0.0158301003006458,0.020735726660705535,0.04147145332141107,False,0.014985276386141777,False,-0.028468449204846702,0.03470498945565237,False
AAPL,2019-09-05,0.01955146618513659,0.020030374038720655,0.04006074807744131,False,-0.0007344241603277624,False,-0.020485195854434868,0.018663951725780725,False
AAPL,2019-12-27,-0.00037961355973947786,0.011062487215301129,0.022124974430602257,False,-0.005176203791052103,False,-0.034007731605010694,0.029930194195685766,True
AAPL,2020-04-22,0.028803637237555968,0.03964678694077279,0.07929357388154558,False,0.0015668217092752457,False,-0.03732443479622982,0.03278643310580165,False
AAPL,2020-08-13,0.017697432091819953,0.03127187010655054,0.06254374021310108,False,-0.009469956159591675,False,-0.03404351688013829,0.02435775824446207,False
AAPL,2020-12-04,-0.005612256345542632,0.016626621955184686,0.03325324391036937,False,8.879926463123411e-05,False,-0.03793796051923792,0.030069704459051216,True
AAPL,2021-03-31,0.018765881887806923,0.02066195673022016,0.04132391346044032,False,-0.004296489059925079,False,-0.03234687368267908,0.015563963721280327,False
AAPL,2021-07-23,0.011989285888479362,0.013467261385275773,0.026934522770551545,False,0.002885142108425498,False,-0.0243774106297332,0.021307301333799433,False
AAPL,2021-11-12,0.014336998971469006,0.01028577709476474,0.02057155418952948,False,0.010598350316286087,False,-0.01388485101513559,0.016080937864729083,False
AAPL,2022-03-09,0.03499723576428515,0.01644924301854973,0.03289848603709946,True,-0.00014606106560688392,False,-0.018552832675198472,0.020026265937213683,False
AAPL,2022-07-01,0.016164423114502835,0.024887918007539575,0.04977583601507915,False,-0.007718472741544136,False,-0.024863531280725937,0.022825972144850715,False
AAPL,2022-10-24,0.014802569726696024,0.023497521634622758,0.046995043269245515,False,0.002358220284804702,False,-0.02631058554494925,0.02032190880461826,False
AAPL,2023-02-16,-0.010429329152483402,0.01550388123480631,0.03100776246961262,False,0.0032498508226126432,False,-0.022656098998608654,0.01953463817171408,False
AAPL,2023-06-12,0.015638804671419537,0.008618326378424288,0.017236652756848575,False,0.00035050709266215563,False,-0.020490261486256767,0.019349603041618924,True
AAPL,2023-10-04,0.007308546369570346,0.014660684531207653,0.029321369062415305,False,-0.0014960000989958644,False,-0.02123176989843767,0.015436638841928252,False
AAPL,2024-01-29,-0.0035858916774162974,0.014423460822098296,0.028846921644196593,False,-0.0013204189017416157,False,-0.014364435916965235,0.01084974034291486,False
AAPL,2024-05-21,0.006857242566348232,0.016243515064958816,0.03248703012991763,False,-0.0024644280783833183,False,-0.017021833482263604,0.014495421543588405,False
AAPL,2024-09-13,-0.0012119483310931711,0.00958118943528032,0.01916237887056064,False,-0.0023380015045404434,False,-0.02332767430520355,0.016452300470910286,True
AAPL,2025-01-07,-0.011387749975879102,0.011963840510045861,0.023927681020091723,False,-0.007031918037682883,False,-0.018541353238182845,0.022515033588994315,False
AAPL,2025-05-02,-0.037361645758300144,0.0509837721103977,0.1019675442207954,False,-0.0068360562436282635,False,-0.022103860348822835,0.014563922572651489,False
AAPL,2025-08-26,0.009464706476046691,0.019522840872344193,0.039045681744688386,False,-0.0008808436687104404,False,-0.024617311586208834,0.015184022887243742,False
AAPL,2025-12-17,-0.010087037063657212,0.009265962576120106,0.01853192515224021,False,0.009703820571303368,False,-0.018873426801202076,0.012217192502824492,True
AAPL,2026-04-14,-0.0014275206833038734,0.012397908787328134,0.024795817574656268,False,-0.0013129207072779536,False,-0.0188728660907046,0.016158241428506637,False
AAPL,2026-08-07,0.0029447910342257355,0.023573874499706788,0.047147748999413576,False,0.0089251808822155,False,-0.017497064496985293,0.030518085729397848,False
MSFT,2011-03-14,0.00038940062789150076,0.008496080012001904,0.01699216002400381,False,-0.003038317896425613,False,-0.014025630119466559,0.015036143254627543,False
MSFT,2011-07-06,0.01152560222949428,0.013180950847206782,0.026361901694413565,False,0.000297305901767686,False,-0.015720939388179755,0.012297806982414894,False
MSFT,2011-10-26,-0.00820580042843444,0.014165765820491416,0.028331531640982833,False,-0.007628045976161957,False,-0.016197180893265495,0.0112027983647347,False
MSFT,2012-02-21,0.006080178793221869,0.01161335738964305,0.0232267147792861,False,0.012874103151261806,False,-0.025655166223576775,0.020649046386023384,True
MSFT,2012-06-13,-0.005462963620600059,0.014642898644841425,0.02928579728968285,False,-3.9232734707073114e-05,False,-0.024541216932379317,0.017241271092921506,False
MSFT,2012-10-04,0.005693368507290408,0.010969386382690096,0.021938772765380192,False,-0.0011189774377271533,False,-0.017397830009351467,0.016733006809991346,False
MSFT,2013-01-31,-0.014363194400999535,0.011725488015420804,0.02345097603084161,False,0.0008952482021413743,False,-0.01286798576971493,0.013848844685813155,False
MSFT,2013-05-24,0.0035135223938420612,0.012658216609883002,0.025316433219766003,False,-0.007171407341957092,False,-0.023157187955782144,0.02559020288574332,True
MSFT,2013-09-17,0.0039636407930720985,0.024047671621770954,0.04809534324354191,False,-0.00872746855020523,False,-0.0249142323365944,0.012665414649004614,False
MSFT,2014-01-09,-0.006432089867985047,0.010463380615658525,0.02092676123131705,False,0.0010446712840348482,False,-0.012789263870756518,0.02248938044967641,True
MSFT,2014-05-05,-0.00655075242126979,0.013051164346355053,0.026102328692710106,False,-0.00924675352871418,False,-0.01554111455126983,0.01583640405879594,False
MSFT,2014-08-26,-0.0035425357123077816,0.007878223531389745,0.01575644706277949,False,0.0027939854189753532,False,-0.012475829929390114,0.024175287893734465,True
MSFT,2014-12-17,0.012842864143595367,0.01151828762240486,0.02303657524480972,False,0.0009813928045332432,False,-0.023305776486574836,0.008095127067386798,True
MSFT,2015-04-14,-0.0026339204015698447,0.012563409677432904,0.02512681935486581,False,0.0019416805589571595,False,-0.01865953294038869,0.007164387708542774,False
MSFT,2015-08-05,0.0008414803849277064,0.013126372233438112,0.026252744466876223,False,-0.0004733223759102456,False,-0.02138737723348838,0.012906967072547237,False
MSFT,2015-11-25,-0.010322592115779794,0.010283502640522389,0.020567005281044777,False,-0.006187011022120825,False,-0.02074458756908737,0.014612371432288995,True
MSFT,2016-03-22,0.003898706215324399,0.01632417842882174,0.03264835685764348,False,0.0013170377351343632,False,-0.021846057880985037,0.015451368248760033,False
MSFT,2016-07-14,0.004298124820355964,0.015931464241147872,0.031862928482295744,False,0.0011513320496305823,False,-0.023146054490253976,0.01015207307676591,False
MSFT,2016-11-03,-0.00370172117854517,0.01218354054483233,0.02436708108966466,False,-0.005497349426150322,False,-0.016709394032818792,0.01043434448943481,False
MSFT,2017-03-01,0.015004834110202703,0.006453179784341937,0.012906359568683873,True,0.007059976924210787,False,-0.015711653679359894,0.007813863156761247,True
MSFT,2017-06-22,-0.0001422962827062335,0.010477321505685698,0.020954643011371395,False,0.0036013273056596518,False,-0.013506143796545356,0.010089712674937745,False
MSFT,2017-10-13,0.004798054494645765,0.007233560456889127,0.014467120913778254,False,-0.00220849784091115,False,-0.011961846633055773,0.014437352936920833,False
MSFT,2018-02-07,-0.0188329633758042,0.018093177741308444,0.03618635548261689,False,0.0079816784709692,False,-0.012565393820818116,0.031785361564360404,False
MSFT,2018-06-01,0.01972889819126511,0.007162798327787298,0.014325596655574596,True,0.004235196392983198,False,-0.01605424379811049,0.012459775248622185,True
MSFT,2018-09-24,0.003588646248586569,0.011346226906505072,0.022692453813010143,False,0.002650987356901169,False,-0.014666970468933838,0.018302355527848757,False
MSFT,2019-01-18,0.014983216703295055,0.0261118208412804,0.0522236416825608,False,0.006207042373716831,False,-0.025693766174255117,0.01349267406334409,False
MSFT,2019-05-14,0.011187776142994155,0.014809898733406825,0.02961979746681365,False,0.0028992982115596533,False,-0.016468537377057002,0.023951056559636363,False
MSFT,2019-09-05,0.017583106370801627,0.016373967879048438,0.032747935758096876,False,0.004232009407132864,False,-0.020431285209455363,0.015263154109278476,False
MSFT,2019-12-27,0.0018272287767484574,0.006456509857498368,0.012913019714996737,False,0.006619260646402836,False,-0.015883955938580163,0.019629433478557612,True
MSFT,2020-04-22,0.033964825292713385,0.039577132107771515,0.07915426421554303,False,-0.007843510247767083,False,-0.03110278019138024,0.04446866536340144,False
MSFT,2020-08-13,-0.002342406358526783,0.02370537514377878,0.04741075028755756,False,2.0138113541179337e-05,False,-0.032356208149553534,0.014769784726351043,False
MSFT,2020-12-04,0.0005600780015806439,0.015356151421092833,0.030712302842185665,False,0.006391510367393494,False,-0.021857383882974868,0.016945235381781165,False
MSFT,2021-03-31,0.016907346926239297,0.016450625799888784,0.03290125159977757,False,0.0070045399479568005,False,-0.011728574535358693,0.02126545722592388,False
MSFT,2021-07-23,0.012336333261592669,0.009029098025768916,0.01805819605153783,False,-0.004649670794606209,False,-0.022620210997416068,0.014417069339794919,True
MSFT,2021-11-12,0.012904933380037953,0.011902222479550934,0.02380444495910187,False,-0.004673299379646778,False,-0.012564979978715085,0.024290789673298452,True
MSFT,2022-03-09,0.045858193526622015,0.021799381158708067,0.043598762317416134,True,-0.00958049949258577,False,-0.020172653877328917,0.030954536117146825,False
MSFT,2022-07-01,0.01070740653859037,0.02328457176164729,0.04656914352329458,False,0.010493867099285126,False,-0.023467777593008998,0.021143012141282558,False
MSFT,2022-10-24,0.021187822286735214,0.02400224243226999,0.04800448486453998,False,0.004324653651565313,False,-0.028983429044577402,0.019510767230058956,False
MSFT,2023-02-16,-0.026622609529353358,0.021430847091479896,0.04286169418295979,False,0.0012627177638933063,False,-0.022832074499748,0.017316896112482993,False
MSFT,2023-06-12,0.015483641353713606,0.014458213361775319,0.028916426723550638,False,-0.0028182140085847296,False,-0.024374193330884086,0.020165626480928678,False
MSFT,2023-10-04,0.017773407368518068,0.013474824166530407,0.026949648333060815,False,-0.005891540087759495,False,-0.018756649792289304,0.02335694071883343,False
MSFT,2024-01-29,0.014334168125398561,0.008201348420328757,0.016402696840657514,False,-0.0028552638832479715,False,-0.0192131297063155,0.02293346523330908,True
MSFT,2024-05-21,0.008698966983980538,0.014312816611496965,0.02862563322299393,False,-0.000911969575099647,False,-0.019413981007306513,0.019986917452248676,False
MSFT,2024-09-13,0.00840751533485129,0.011753140784117648,0.023506281568235296,False,0.006680304650217295,False,-0.022247957670285978,0.01576931836240747,False
MSFT,2025-01-07,-0.012808087589131767,0.011892664175316708,0.023785328350633416,False,0.003033652901649475,False,-0.01770808785667799,0.014426019027452108,False
MSFT,2025-05-02,0.02322516970818489,0.03443335093475577,0.06886670186951153,False,-0.00345265562646091,False,-0.04116588405320809,0.024105500978097494,False
MSFT,2025-08-26,-0.004402532224849209,0.013636190550088531,0.027272381100177063,False,-0.0009079949813894928,False,-0.016800366104797515,0.014900587293112721,False
MSFT,2025-12-17,-0.0005668537354907022,0.014270204010356854,0.02854040802071371,False,-0.006283486261963844,False,-0.018648991505768042,0.014987102191873047,False
MSFT,2026-04-14,0.02273847493355685,0.016149284984581985,0.03229856996916397,False,-0.00498490035533905,False,-0.03312614330717434,0.033869434968397005,True
MSFT,2026-08-07,0.00026008287542045316,0.038507866975017645,0.07701573395003529,False,0.005435233470052481,False,-0.019488783008489663,0.023667113492961356,False
NVDA,2011-03-14,0.00831032622493022,0.04196445215450976,0.08392890430901952,False,-0.018066132441163063,False,-0.028762058898197385,0.06060519513489826,False
NVDA,2011-07-06,-0.013224300249123355,0.01847301573879448,0.03694603147758896,False,0.010473553091287613,False,-0.0369131073748582,0.0416671824456647,True
NVDA,2011-10-26,0.011764694223536765,0.04196290083563657,0.08392580167127314,False,0.009944910183548927,False,-0.04705634444111506,0.031743872425586295,False
NVDA,2012-02-21,0.005047337525964535,0.01903478235549723,0.03806956471099446,False,0.000150569889228791,False,-0.021331413604394944,0.0336209367631104,False
NVDA,2012-06-13,-0.026378724943484033,0.024706053683377926,0.04941210736675585,False,-0.007870711386203766,False,-0.029433666650155343,0.03250661104495123,False
NVDA,2012-10-04,0.04447857155193535,0.0147604274277829,0.0295208548555658,True,-0.0022288647014648832,False,-0.024409888945582492,0.02192206873232272,False
NVDA,2013-01-31,-0.004869928754259734,0.01783483590154097,0.03566967180308194,False,-0.018994159996509552,False,-0.01895413857327921,0.026424547338626425,False
NVDA,2013-05-24,-0.0061514059475916705,0.017143570145168305,0.03428714029033661,False,0.008361874148249626,False,-0.023562859982795614,0.02370125984088145,False
NVDA,2013-09-17,0.0031623470998938252,0.009059087741424648,0.018118175482849296,False,0.0012078402796760201,False,-0.020862475131281366,0.015533616389627802,True
NVDA,2014-01-09,-0.03728619026923796,0.011754485237038674,0.023508970474077347,True,-0.001646498334594071,False,-0.023190576483438252,0.012548476666478292,False
NVDA,2014-05-05,0.010851884747056229,0.01552825907715474,0.03105651815430948,False,-0.002057361416518688,False,-0.021564766364661203,0.01723843925399149,False
NVDA,2014-08-26,0.017791799649245377,0.022596024471314657,0.04519204894262931,False,0.004230996128171682,False,-0.023690269586365997,0.013569794051838668,False
NVDA,2014-12-17,0.0408267941063476,0.01470256606231229,0.02940513212462458,True,0.004678281489759684,False,-0.02394840991097924,0.01912327850840967,False
NVDA,2015-04-14,-0.008425732411800002,0.02125933675442412,0.04251867350884824,False,0.01403167936950922,False,-0.03023168786467323,0.015361953370611525,False
NVDA,2015-08-05,0.010309508005790669,0.012735115746464416,0.025470231492928833,False,-0.005262383725494146,False,-0.02601430240008762,0.01477166070254099,True
NVDA,2015-11-25,-0.0012833917522123706,0.03506875473554132,0.07013750947108265,False,-0.0016873151762410998,False,-0.03884004493087734,0.03263296871800292,False
NVDA,2016-03-22,-0.0017692593135198997,0.015387488937098612,0.030774977874197224,False,-0.005227883346378803,False,-0.04063976853844031,0.030043837547317098,True
NVDA,2016-07-14,0.010231171029156272,0.020506519901247525,0.04101303980249505,False,0.006129959132522345,False,-0.025207560102947446,0.051010195700512684,True
NVDA,2016-11-03,-0.011634857588338043,0.016763908781318435,0.03352781756263687,False,0.004690317902714014,False,-0.02678295877088288,0.03174653595734589,False
NVDA,2017-03-01,0.012909225885266995,0.03060736344107873,0.06121472688215746,False,0.017386730760335922,False,-0.05706472537785745,0.013489899222124846,False
NVDA,2017-06-22,-0.0068980167489305355,0.025512304208711256,0.05102460841742251,False,0.013844269327819347,False,-0.03394109257429567,0.048386964731334636,False
NVDA,2017-10-13,0.01863563452087824,0.0226144538670938,0.0452289077341876,False,0.0005698541644960642,False,-0.031936223854207024,0.03149689694390112,False
NVDA,2018-02-07,0.014274237144638935,0.02841822210272029,0.05683644420544058,False,-0.006968380883336067,False,-0.01824723571803699,0.059548580867098355,True
NVDA,2018-06-01,0.021531310333329667,0.018165268766130303,0.03633053753226061,False,0.01957235112786293,False,-0.03208042034920244,0.017759608497991852,False
NVDA,2018-09-24,0.008540738570075534,0.013674475384106648,0.027348950768213295,False,-0.028615549206733704,True,-0.017317591863956316,0.008668051746220984,False
NVDA,2019-01-18,0.03433977610028838,0.03414706864471608,0.06829413728943216,False,-0.013895440846681595,False,-0.04775073470186597,0.032082489180329965,False
NVDA,2019-05-14,0.022656726242920255,0.021810351771074463,0.04362070354214893,False,0.025811271741986275,False,-0.04514906568442523,0.050119763190735744,True
NVDA,2019-09-05,0.06506256965675927,0.03300200880766944,0.06600401761533888,False,0.0028014297131448984,False,-0.030555586520434552,0.031469328503722194,False
NVDA,2019-12-27,-0.009699530910257659,0.013915463807965482,0.027830927615930964,False,0.0017375709721818566,False,-0.029623955919855116,0.029293147927951013,True
NVDA,2020-04-22,0.06174179847587036,0.05825637919909812,0.11651275839819623,False,0.011281745508313179,False,-0.056488683193068434,0.048750881583154326,False
NVDA,2020-08-13,0.0002403552635039663,0.02190031419302582,0.04380062838605164,False,-0.003125762799754739,False,-0.05010494396539955,0.02737880944249471,True
NVDA,2020-12-04,0.012112279502925816,0.027454750433909086,0.05490950086781817,False,0.005966119933873415,False,-0.03654176672135934,0.02312965479924811,False
NVDA,2021-03-31,0.03701904375142173,0.03402959219216586,0.06805918438433171,False,-0.00021449039923027158,False,-0.03723402949997112,0.01988406237248941,False
NVDA,2021-07-23,-0.0018370719298593796,0.024984151937556275,0.04996830387511255,False,0.014899729751050472,False,-0.048390391118445564,0.03371677053167432,False
NVDA,2021-11-12,0.0,0.032468910296248384,0.06493782059249677,False,0.0128413001075387,False,-0.06548319720621953,0.05107880554046074,True
NVDA,2022-03-09,0.06972213759898471,0.0460429250135988,0.0920858500271976,False,0.03701987490057945,False,-0.03853582177225778,0.06002902740067828,False
NVDA,2022-07-01,-0.04195521455421303,0.040597750195769625,0.08119550039153925,False,0.001213669078424573,False,-0.057616777871670743,0.06183200111283882,False
NVDA,2022-10-24,0.010668878248522917,0.03560282651721115,0.0712056530344223,False,-0.011240365915000439,False,-0.042513693672496355,0.04411394104899102,False
NVDA,2023-02-16,-0.033473928389564644,0.03856557283545801,0.07713114567091602,False,-0.009430352598428726,False,-0.054349556683869094,0.03469272864807049,False
NVDA,2023-06-12,0.018364850532781363,0.05971080368510392,0.11942160737020784,False,0.0031421552412211895,False,-0.05203576416252986,0.031681375832276704,False
NVDA,2023-10-04,0.012041212392453815,0.01919483816365392,0.03838967632730784,False,-0.008650309406220913,False,-0.04003063985193667,0.037014781919396,True
NVDA,2024-01-29,0.02349622488881553,0.02052780903015756,0.04105561806031512,False,-0.0033432617783546448,False,-0.03571761550952335,0.05363437377723956,True
NVDA,2024-05-21,0.006393639372646032,0.027810696797701567,0.055621393595403135,False,0.013054090552031994,False,-0.03801196044621524,0.04279483264341932,False
NVDA,2024-09-13,-0.0003358228004953778,0.04151455780659134,0.08302911561318269,False,0.014955095015466213,False,-0.04192243545159957,0.04796468036929724,False
NVDA,2025-01-07,-0.06216962397175585,0.024551706179016617,0.049103412358033234,True,0.018764296546578407,False,-0.047849754372910724,0.03170167923496181,False
NVDA,2025-05-02,0.02589380833985855,0.05905362702754501,0.11810725405509002,False,0.02175045758485794,False,-0.042513272947829694,0.0337542465937406,False
NVDA,2025-08-26,0.010900419888796531,0.015589621532710459,0.031179243065420918,False,-0.0013040094636381783,False,-0.029745876101279767,0.03350850934633676,True
NVDA,2025-12-17,-0.038149918132835525,0.01904722472013062,0.03809444944026124,True,0.004851709585636854,False,-0.03389963387363859,0.028217802504266087,False
NVDA,2026-04-14,0.03803286541178319,0.02185208229463044,0.04370416458926088,False,0.009113267995417118,False,-0.037488086233758766,0.021677062876038544,False
NVDA,2026-08-07,0.022695105237842572,0.027636084110044812,0.055272168220089624,False,0.007458656560629606,False,-0.040765610889113235,0.02103530522350283,False
AMZN,2011-03-14,-0.007972801640726224,0.014356453373873075,0.02871290674774615,False,0.0003829540510196239,False,-0.021513763279491283,0.03195577974213393,True
AMZN,2011-07-06,0.004690669371196776,0.01687162452202586,0.03374324904405172,False,0.0075664701871573925,False,-0.03917951175311096,0.02101823195878505,True
AMZN,2011-10-26,-0.12656834605710776,0.02561608725768463,0.05123217451536926,True,-0.0018788879970089711,False,-0.022519392987036313,0.0395163336720632,False
AMZN,2012-02-21,-0.001315077690228983,0.026161590661682645,0.05232318132336529,False,0.008634543977677822,False,-0.03033624936456547,0.029268447666952024,False
AMZN,2012-06-13,-0.007808918956720312,0.016184852662290253,0.03236970532458051,False,0.013437002897262573,False,-0.023217443823242312,0.027341748099724228,False
AMZN,2012-10-04,0.017779065640609604,0.014394688071297755,0.02878937614259551,False,0.004212675616145134,False,-0.030398332694619112,0.0199380245823797,True
AMZN,2013-01-31,-0.026616800737933488,0.02355894055682513,0.04711788111365026,False,-0.0027524777688086033,False,-0.03452408831899967,0.021943740485895535,False
AMZN,2013-05-24,-0.00022920239606116777,0.021589944361492718,0.043179888722985435,False,-0.005762143060564995,False,-0.015871792368565618,0.02011735512383206,False
AMZN,2013-09-17,0.027393058568022433,0.011222769618772,0.022445539237544,True,-0.002340682316571474,False,-0.020982058386409763,0.013776061196988598,False
AMZN,2014-01-09,-0.0022641222191301935,0.01098875537584948,0.02197751075169896,False,0.004667764063924551,False,-0.030429403995333337,0.020257985598455264,True
AMZN,2014-05-05,0.006623114890180748,0.030775319767346952,0.061550639534693904,False,-0.001885657082311809,False,-0.02792503001035085,0.017880379067033214,False
AMZN,2014-08-26,0.02338178013264769,0.012930723408018464,0.02586144681603693,False,-0.004150443244725577,False,-0.021548893609896758,0.019542985523063106,False
AMZN,2014-12-17,0.012946518090075854,0.016549907706468123,0.033099815412936245,False,0.006331255659461021,False,-0.024441742090734908,0.031566599925195504,False
AMZN,2015-04-14,0.007192214809078834,0.00873117881066367,0.01746235762132734,False,0.005562297999858856,False,-0.06067220321214328,0.015722606580762077,True
AMZN,2015-08-05,0.009607099080793713,0.024638669594540728,0.049277339189081455,False,0.005902311764657497,False,-0.03160260535438908,0.036841556806753495,False
AMZN,2015-11-25,0.006242996820356117,0.015497050238917271,0.030994100477834543,False,-0.0026119654066860676,False,-0.03567417010793694,0.02715173316227304,True
AMZN,2016-03-22,0.011733303365531578,0.015078871398918624,0.03015774279783725,False,-0.0023948338348418474,False,-0.03261442973070361,0.020681226253254303,True
AMZN,2016-07-14,-0.0019255583636402784,0.013158223557970571,0.026316447115941142,False,0.014093851670622826,False,-0.02047093632497088,0.01865324950173597,False
AMZN,2016-11-03,0.0019202044816464259,0.015618591629677912,0.031237183259355823,False,0.015366059727966785,False,-0.02478975215928325,0.005967901452092361,False
AMZN,2017-03-01,0.009514352875576781,0.010686006260395776,0.02137201252079155,False,0.000735301582608372,False,-0.017721929038611806,0.010795759665759741,False
AMZN,2017-06-22,-0.0009279538602159354,0.012281851765550628,0.024563703531101256,False,-0.000972330046351999,False,-0.02060780749471569,0.015292512143140202,False
AMZN,2017-10-13,0.0020080964130191337,0.00864410778737362,0.01728821557474724,False,0.01169347483664751,False,-0.02135922478103025,0.013544837069406457,True
AMZN,2018-02-07,-0.018061620618718965,0.01903865593608979,0.03807731187217958,False,0.004099360667169094,False,-0.03707884560961339,0.02119398514942583,False
AMZN,2018-06-01,0.007314596664868223,0.00684957197519373,0.01369914395038746,False,-0.005725062917917856,False,-0.027510801153346476,0.017269204760578694,True
AMZN,2018-09-24,0.010104372755515678,0.015798390218912002,0.031596780437824004,False,-0.00523474207147967,False,-0.02384151340893892,0.017018360648945352,False
AMZN,2019-01-18,0.0017598946424279838,0.03355483125790109,0.06710966251580218,False,-0.006481455639004707,False,-0.027714488117038916,0.020186835944818515,False
AMZN,2019-05-14,0.009568262041155462,0.015061224058847137,0.030122448117694274,False,-0.013802094385027885,False,-0.0360096126316396,0.01709602485233286,True
AMZN,2019-09-05,0.022270161635782104,0.015302779622494043,0.030605559244988086,False,0.004313396755605936,False,-0.020960899850117065,0.01029605163084435,False
AMZN,2019-12-27,0.0005511476895356804,0.012209752436169384,0.02441950487233877,False,-0.0019366135820745312,False,-0.028908553657003733,0.016422568117975933,True
AMZN,2020-04-22,0.015192527091639096,0.028118742690604544,0.05623748538120909,False,0.020047755911946297,False,-0.042627504109927994,0.029261349466792375,False
AMZN,2020-08-13,-0.0003858318082136103,0.025768055177123248,0.051536110354246496,False,0.009964137338101864,False,-0.04083766228000929,0.03146797132762047,False
AMZN,2020-12-04,-0.007578327983446487,0.018750817690859657,0.037501635381719314,False,0.005697039887309074,False,-0.02112920390830464,0.02836833384136428,False
AMZN,2021-03-31,0.01269600564306872,0.016913754064746402,0.033827508129492805,False,-0.0007475608726963401,False,-0.0230961684945844,0.017808388571067812,False
AMZN,2021-07-23,0.005115384934792244,0.014963003008630911,0.029926006017261822,False,0.013839306309819221,False,-0.02156303232831691,0.022111471788208492,False
AMZN,2021-11-12,0.015162029225161966,0.01789198266240793,0.03578396532481586,False,-0.004579122643917799,False,-0.019811422898668107,0.01722623908837284,False
AMZN,2022-03-09,0.024001199930983708,0.023239745149300748,0.046479490298601496,False,-0.021648986265063286,False,-0.032878176266451065,0.04795045819728094,True
AMZN,2022-07-01,0.03154127203651269,0.03363364191250096,0.06726728382500193,False,-0.01519184373319149,False,-0.07020846040311157,0.06260262706612685,True
AMZN,2022-10-24,0.004190412347291339,0.028837014396330463,0.057674028792660925,False,0.0016315686516463757,False,-0.0403343173581322,0.04598769104737355,False
AMZN,2023-02-16,-0.02975486385196624,0.031262779657254595,0.06252555931450919,False,-0.0062306406907737255,False,-0.03041568584151555,0.05479369713688054,False
AMZN,2023-06-12,0.025439515368102628,0.01961286474385191,0.03922572948770382,False,0.0034469643142074347,False,-0.024001408807905134,0.019626822906380736,False
AMZN,2023-10-04,0.018280939360016735,0.022095600131464218,0.044191200262928436,False,0.00812725443392992,False,-0.015538835159322972,0.03185100903513116,False
AMZN,2024-01-29,0.01344896590822775,0.012468849165908638,0.024937698331817276,False,0.007877052761614323,False,-0.01801413643613292,0.018975961844587497,False
AMZN,2024-05-21,-0.0021248741632043933,0.016600907094682933,0.033201814189365866,False,0.0007977308123372495,False,-0.01866229614937953,0.018625882561857265,False
AMZN,2024-09-13,-0.0027272433520636463,0.021104566212086617,0.042209132424173235,False,0.010811091400682926,False,-0.022278484813669786,0.020028833399482027,False
AMZN,2025-01-07,-0.02416414035082548,0.017451833177832783,0.034903666355665566,False,-0.0034601881634444,False,-0.02513594038446587,0.01932344188027746,False
AMZN,2025-05-02,-0.0011566836184704332,0.043782570088769415,0.08756514017753883,False,-0.012254184111952782,False,-0.031298087348466064,0.02930433639228469,False
AMZN,2025-08-26,0.0033781006590050122,0.024905745432308234,0.04981149086461647,False,0.007246721535921097,False,-0.025476032173993857,0.017419212230380454,False
AMZN,2025-12-17,-0.005796159688549629,0.016693767210045958,0.033387534420091916,False,-0.003865316277369746,False,-0.02631016752581905,0.01900314362870148,False
AMZN,2026-04-14,0.03805913087682655,0.023113966830687834,0.04622793366137567,False,-0.0010825175559148192,False,-0.032296996373930575,0.020347956874918083,False
AMZN,2026-08-07,0.00815397466052481,0.040816351422986376,0.08163270284597275,False,-0.014164824970066547,False,-0.04031299515682263,0.007772757149761889,False
ENPH,2013-06-12,-0.09264707305439579,0.03348945100664294,0.06697890201328588,True,-0.012789507396519184,False,-0.034256050607567645,0.06129264659621736,False
ENPH,2013-09-17,-0.007371058610079473,0.03822410923396562,0.07644821846793123,False,-0.033034276217222214,False,-0.049295645937997845,0.057218230549936244,False
ENPH,2013-12-23,-0.015789417326723676,0.05189209469540402,0.10378418939080804,False,0.007110112346708775,False,-0.0460777800067359,0.05849328153152733,False
ENPH,2014-04-01,0.0733695587034151,0.02938803208044157,0.05877606416088314,True,-0.009643972851336113,False,-0.03789034805807745,0.05969372672139017,True
ENPH,2014-07-09,0.010917072394709626,0.01866548699622879,0.03733097399245758,False,-0.004252901766449213,False,-0.03908638415418042,0.041014138950766776,True
ENPH,2014-10-13,-0.03886254407579781,0.04957446347176988,0.09914892694353976,False,-0.009416693821549416,False,-0.07307947397314363,0.0620999257218795,False
ENPH,2015-01-21,-0.016037742469437344,0.03964976744778661,0.07929953489557322,False,0.0004556262865662575,False,-0.05923387926087742,0.04585544853010881,False
ENPH,2015-04-28,0.0161538490882287,0.025245564999587453,0.050491129999174905,False,0.0166989304125309,False,-0.052465585561899064,0.04593709798959589,True
ENPH,2015-08-04,0.03107862574305309,0.05519284795245316,0.11038569590490632,False,-0.019892532378435135,False,-0.08682795270089028,0.07642374907171479,False
ENPH,2015-11-06,-0.04782604233754284,0.10729936708707452,0.21459873417414904,False,0.018610265105962753,False,-0.29704872000836746,0.1737597750323705,True
ENPH,2016-02-17,0.051643140462787285,0.06800361352874008,0.13600722705748017,False,0.021684525534510612,False,-0.0938370703484761,0.2350585435110526,True
ENPH,2016-05-23,0.07027026678716464,0.04365851931839774,0.08731703863679548,False,-0.02350427769124508,False,-0.03706294089313533,0.11636933614924994,True
ENPH,2016-08-29,0.016574636214070848,0.03207760704037507,0.06415521408075014,False,-0.002647159853950032,False,-0.04155622792816882,0.07105242706169501,True
ENPH,2016-12-02,0.02702700090373522,0.033846804047488376,0.06769360809497675,False,0.009664894081652164,False,-0.09034592709653966,0.06853449363706998,True
ENPH,2017-03-14,0.04065036710645531,0.06754960048654869,0.13509920097309738,False,0.0384000688791275,False,-0.02904325920906281,0.13351091317415764,False
ENPH,2017-06-19,0.03896108017862199,0.03647817044054764,0.07295634088109527,False,-0.0040638502687215805,False,-0.050080752684376506,0.07325674213698607,True
ENPH,2017-09-25,-0.03546095992902232,0.06577415593240878,0.13154831186481755,False,-0.024829313158988953,False,-0.04818929962173457,0.08811671891725492,False
ENPH,2017-12-29,-0.03212848329303353,0.03603918629589578,0.07207837259179156,False,0.020878585055470467,False,-0.06723470930216413,0.04575290815608901,False
ENPH,2018-04-10,-0.036144600462750365,0.041474252931325645,0.08294850586265129,False,-0.01127876341342926,False,-0.0802200367888477,0.0512252933726185,False
ENPH,2018-07-16,-0.04403408301978806,0.04811664922310871,0.09623329844621742,False,-0.012322253547608852,False,-0.0679453669241632,0.04241845847486614,False
ENPH,2018-10-19,-0.026694069300988055,0.042931222223161425,0.08586244444632285,False,-0.025832094252109528,False,-0.05237610800998327,0.05298414883586133,False
ENPH,2019-01-29,0.028985479203023967,0.033189025647324684,0.06637805129464937,False,0.023101018741726875,False,-0.04531728985942218,0.06690280932408754,True
ENPH,2019-05-07,0.03345454822887084,0.07095107829802832,0.14190215659605665,False,0.02060866355895996,False,-0.04644997336647727,0.10052185058593754,False
ENPH,2019-08-12,-0.029827339138499886,0.07434868950100758,0.14869737900201516,False,-0.00821898877620697,False,-0.06520197863613852,0.09689600422742717,False
ENPH,2019-11-15,0.01737756333246243,0.06671400860622383,0.13342801721244765,False,0.005852081347256899,False,-0.07033747415813763,0.031146029284782495,False
ENPH,2020-02-25,-0.07889969106197625,0.10394621147794272,0.20789242295588545,False,0.07601526379585266,False,-0.07593291130511037,0.12144012488681377,False
ENPH,2020-06-02,-0.045743959924202104,0.05772106576725193,0.11544213153450386,False,0.03810277208685875,False,-0.09105231057004792,0.06690894596361185,False
ENPH,2020-09-04,-0.02418878046947104,0.040623525671699634,0.08124705134339927,False,0.010136021301150322,False,-0.09047268710639134,0.08948604214711398,True
ENPH,2020-12-11,0.06630589515336638,0.029556626619939044,0.05911325323987809,True,0.021647170186042786,False,-0.05834553148693589,0.0664503309055644,True
ENPH,2021-03-22,0.03975478401698185,0.06904905673340968,0.13809811346681936,False,0.03904983028769493,False,-0.07840102855761943,0.07373702867500231,False
ENPH,2021-06-28,0.07377845080356371,0.026163748266029022,0.052327496532058045,True,0.015355157665908337,False,-0.04119472864907037,0.06573128610303547,True
ENPH,2021-10-01,0.035940517075253364,0.021044917389150233,0.042089834778300465,False,-0.011168325319886208,False,-0.051720548766975516,0.02430722941213226,True
ENPH,2022-01-07,-0.041982971679531356,0.03624353075695504,0.07248706151391009,False,0.051629576832056046,False,-0.04254934680519806,0.08173337984129603,True
ENPH,2022-04-14,-0.014076495786598087,0.029826862421704858,0.059653724843409715,False,0.006486940663307905,False,-0.06641383545697899,0.04628444174412483,True
ENPH,2022-07-25,0.03313798803114798,0.04232961642999294,0.08465923285998588,False,-0.010906411334872246,False,-0.06662401264905615,0.05510064749231525,False
ENPH,2022-10-27,0.048686030399845315,0.04071137185999031,0.08142274371998062,False,0.09329705685377121,True,-0.079471175019312,0.04110792183518264,False
ENPH,2023-02-06,0.00026920028419019637,0.034715623686440114,0.06943124737288023,False,0.017891187220811844,False,-0.049793565202868706,0.04605953207200031,False
ENPH,2023-05-12,0.04204247806388839,0.06344983349054265,0.1268996669810853,False,0.007610472850501537,False,-0.049059585388724236,0.03346950372539759,False
ENPH,2023-08-21,-0.0013809473748537249,0.024927330163424317,0.049854660326848634,False,0.00296191219240427,False,-0.02729425628444615,0.03734785989448319,False
ENPH,2023-11-24,0.00019964344381429022,0.05676514720370503,0.11353029440741005,False,-0.0023222051095217466,False,-0.05042062939613434,0.07583976260856451,False
ENPH,2024-03-05,0.009034404341043523,0.052657651543825276,0.10531530308765055,False,-0.009406284429132938,False,-0.026800978965100364,0.05180443148610525,False
ENPH,2024-06-10,0.06452137001177438,0.03837426257299524,0.07674852514599048,False,-0.041272565722465515,False,-0.046751748762888234,0.039725682400394646,False
ENPH,2024-09-17,0.0631446860742575,0.03451959369500698,0.06903918739001395,False,0.0018842809367924929,False,-0.04282930993223455,0.05079107495632229,False
ENPH,2024-12-20,0.08586616465716768,0.03858821675646506,0.07717643351293012,True,-0.025719454512000084,False,-0.0782116097117318,0.03314647115010683,True
ENPH,2025-04-02,0.002083684394726948,0.032254242965868034,0.06450848593173607,False,0.0023929374292492867,False,-0.018843222849981855,0.06891413623244613,True
ENPH,2025-07-10,0.002800530941780899,0.07294328714201126,0.14588657428402252,False,-0.0025631419848650694,False,-0.06501401689861974,0.09693996280558781,False
ENPH,2025-10-15,0.03018667207117054,0.03363674481491969,0.06727348962983938,False,-0.006268710829317459,False,-0.035789273351438666,0.056652862640430346,False
ENPH,2026-01-22,0.12538221207891986,0.023613677779519452,0.047227355559038904,True,-0.004988552536815405,False,-0.02378517220753984,0.049321690217322134,True
ENPH,2026-04-30,0.056748910551710496,0.037629347322862765,0.07525869464572553,False,0.01350194588303566,False,-0.043496170595607064,0.05592188322024283,False
ENPH,2026-08-07,0.05545754636968114,0.04243330526053124,0.08486661052106248,False,0.013222649693489075,False,-0.06390671175196061,0.07013629441809854,False
SMCI,2011-03-14,-0.01221996338745368,0.021506924296147704,0.04301384859229541,False,-0.011968960985541344,False,-0.02827566560540995,0.030850602358935664,False
SMCI,2011-07-06,-0.011801275302449121,0.015768289271281516,0.03153657854256303,False,0.015194179490208626,False,-0.02666208290909755,0.024925181362864368,False
SMCI,2011-10-26,0.10387809942087722,0.044654908172620036,0.08930981634524007,True,-0.016502004116773605,False,-0.04519815242112912,0.03430230782249044,False
SMCI,2012-02-21,-0.012987013861192942,0.016438490982050493,0.032876981964100986,False,0.007925382815301418,False,-0.02776290746808152,0.025003660081884815,False
SMCI,2012-06-13,-0.033268101304723685,0.027608113765329276,0.05521622753065855,False,0.001297611277550459,False,-0.028352370530779325,0.03225657198561449,False
SMCI,2012-10-04,-0.03412076474583969,0.017978038439889883,0.035956076879779766,False,-0.01435436587780703,False,-0.031237109778613825,0.04537503941050747,True
SMCI,2013-01-31,0.010612254033531388,0.044767779452963556,0.08953555890592711,False,0.016888560727238655,False,-0.037824182358095926,0.02125817860859902,False
SMCI,2013-05-24,-0.0009755390673276132,0.019636246470966397,0.039272492941932795,False,0.01052609458565712,False,-0.029647758057007145,0.030421280987001698,False
SMCI,2013-09-17,-0.0030120095284850157,0.01470575259217839,0.02941150518435678,False,0.015938088297843933,False,-0.008841326056180487,0.011914286722229939,False
SMCI,2014-01-09,-0.009557964269971131,0.014978844993421269,0.029957689986842537,False,0.012027902528643608,False,-0.017988282738224504,0.020776669161468808,False
SMCI,2014-05-05,-0.022671268023721547,0.02584193866316176,0.05168387732632352,False,-0.00969805847853411,False,-0.030531795625577285,0.027359500780412604,False
SMCI,2014-08-26,0.00529100991178888,0.027855473309600063,0.055710946619200126,False,0.00240177009254694,False,-0.0286702948598333,0.03135606994581974,False
SMCI,2014-12-17,0.04314477235063752,0.018462188701604317,0.036924377403208634,True,0.007424357812851667,False,-0.03524396606303104,0.025168361694020147,False
SMCI,2015-04-14,0.0036806373741233855,0.022125387882381435,0.04425077576476287,False,0.023805413395166397,False,-0.041097908086264234,0.027390325093042067,False
SMCI,2015-08-05,0.08136373205521541,0.021607386659403878,0.043214773318807756,True,-0.04694559797644615,True,-0.03629809581987864,0.022202025052147745,False
SMCI,2015-11-25,0.009197355666802132,0.03279415053094715,0.0655883010618943,False,-0.011412465013563744,False,-0.035741357700137755,0.03189506392797603,False
SMCI,2016-03-22,0.0,0.017550286162909483,0.035100572325818966,False,-0.008096742443740257,False,-0.03783664518827723,0.0263582975193557,True
SMCI,2016-07-14,0.003068621656252768,0.025620309075904058,0.051240618151808116,False,0.02020172029733658,False,-0.03253439487364407,0.037900870369528716,False
SMCI,2016-11-03,-0.011061989147312823,0.029499673415964846,0.05899934683192969,False,-0.018368810415267944,False,-0.014499752983581748,0.04554480597211108,False
SMCI,2017-03-01,0.023076993614966845,0.015350147866861808,0.030700295733723616,False,-0.017185118049383163,False,-0.02787315030733073,0.01592636166815975,False
SMCI,2017-06-22,0.008316000484173136,0.012590859773171155,0.02518171954634231,False,-0.009597284719347954,False,-0.018089477056350334,0.02607060104581005,True
SMCI,2017-10-13,0.004444440205891853,0.03338006856661651,0.06676013713323302,False,0.0005478339735418558,False,-0.02376980251736116,0.022840923733181473,False
SMCI,2018-02-07,0.012787711309132144,0.03727081434598435,0.0745416286919687,False,0.021286694332957268,False,-0.03012141237211896,0.05621416061204432,False
SMCI,2018-06-01,0.012448120465286205,0.043934574001824864,0.08786914800364973,False,0.0013688631588593125,False,-0.02598910812954891,0.008825938911622089,False
SMCI,2018-09-24,-0.03816419300664142,0.03658949108767392,0.07317898217534784,False,0.020892871543765068,False,-0.02866885604804026,0.03260886716733036,False
SMCI,2019-01-18,0.01351350045186761,0.029368412299652927,0.058736824599305855,False,0.00362155819311738,False,-0.05434920588893888,0.03394581132391572,False
SMCI,2019-05-14,0.013231563586021844,0.015382143333618339,0.030764286667236677,False,0.0018590203253552318,False,-0.04977245585995549,0.013674973602574525,True
SMCI,2019-09-05,0.016172491148951362,0.04609011921470308,0.09218023842940616,False,0.012827918864786625,False,-0.02841364633386778,0.026960578291647996,False
SMCI,2019-12-27,0.01260502938959629,0.022063406658905303,0.044126813317810605,False,-0.0077537307515740395,False,-0.034105876276390834,0.018703836455280953,False
SMCI,2020-04-22,0.02287886450029264,0.04365629650825976,0.08731259301651952,False,0.0021013489458709955,False,-0.03546197860142164,0.01525469763001941,False
SMCI,2020-08-13,-0.000768970936491864,0.0388617465448673,0.0777234930897346,False,0.027400756254792213,False,-0.06650154889574433,0.06845610453751516,False
SMCI,2020-12-04,0.032355900196874066,0.018854783804785533,0.03770956760957107,False,-0.0013705407036468387,False,-0.03224958817148138,0.021594117883402264,False
SMCI,2021-03-31,0.029520292884097632,0.021002637104537883,0.042005274209075766,False,-0.00820750929415226,False,-0.03743994996854494,0.029024226382279528,False
SMCI,2021-07-23,0.019755979062941575,0.019504722926843215,0.03900944585368643,False,-0.00433576526120294,False,-0.035519451202254415,0.012411065780948416,False
SMCI,2021-11-12,-0.013992388039319126,0.04158888518087044,0.08317777036174089,False,0.003398968605324626,False,-0.032253280905282455,0.0230797351105696,False
SMCI,2022-03-09,0.027667982327340024,0.02070612179103965,0.0414122435820793,False,0.0059041851200163364,False,-0.029123819936953343,0.02323862673249555,False
SMCI,2022-07-01,-0.03023537675691168,0.0388271234753628,0.0776542469507256,False,-0.00019147169950883836,False,-0.037964038795519905,0.03980828191133834,False
SMCI,2022-10-24,-0.023554927753222876,0.0408534501126576,0.0817069002253152,False,-0.005022769793868065,False,-0.06408290833273111,0.04249873013381733,False
SMCI,2023-02-16,0.03096775278547259,0.04073562651184782,0.08147125302369564,False,0.07618729025125504,False,-0.060026721338523936,0.04708136185099776,False
SMCI,2023-06-12,-0.011503500377591735,0.05815093507995122,0.11630187015990244,False,0.02418794296681881,False,-0.0637016237903214,0.16518246866280029,True
SMCI,2023-10-04,0.038633966179515866,0.03878856639595625,0.0775771327919125,False,0.010947786271572113,False,-0.07362102973936424,0.04320589439052136,False
SMCI,2024-01-29,0.0453864892058109,0.0853063460318945,0.170612692063789,False,0.025704151019454002,False,-0.08568856591682505,0.061905821590759746,False
SMCI,2024-05-21,-0.005520284142921383,0.06078363296176998,0.12156726592353996,False,0.005917572416365147,False,-0.07680246709140892,0.09151880779080446,False
SMCI,2024-09-13,0.03399448826173712,0.05991029352018313,0.11982058704036626,False,0.02778078056871891,False,-0.08880333365170645,0.03995496874809379,False
SMCI,2025-01-07,-0.0567901138956598,0.05407468441607201,0.10814936883214402,False,0.0015558062586933374,False,-0.06037383613798175,0.10406692768474879,False
SMCI,2025-05-02,0.02994193571471615,0.07048806252199004,0.14097612504398008,False,-0.01707964390516281,False,-0.0962254776326219,0.07876761383747954,False
SMCI,2025-08-26,0.006580461028716567,0.047484049099778186,0.09496809819955637,False,0.0039811814203858376,False,-0.04689645334426995,0.07117799271961522,False
SMCI,2025-12-17,-0.057485777119262504,0.027973974370844187,0.055947948741688375,True,-0.004904426634311676,False,-0.024989279447541257,0.048106272694948604,False
SMCI,2026-04-14,0.04736239823281263,0.08950085812413504,0.17900171624827008,False,0.0017699174350127578,False,-0.03485123377991617,0.10463426974581447,False
SMCI,2026-08-07,0.05956433117727622,0.06762404141221388,0.13524808282442777,False,-0.01425070036202658,False,-0.05926316744138915,0.06734946893193205,False
CVNA,2018-07-09,-0.049819828945157574,0.04684752549993918,0.09369505099987836,False,0.0021974986884742975,False,-0.08403554857906148,0.04307880519994134,False
CVNA,2018-09-05,-0.07707158264471425,0.029086436271611133,0.058172872543222266,True,0.010727206245064735,False,-0.07371920651013697,0.06303498132234431,True
CVNA,2018-11-01,0.14554842056766626,0.045054999747066525,0.09010999949413305,True,0.014546867460012436,False,-0.06917793520035287,0.043616264097152246,False
CVNA,2019-01-04,0.019542899706884942,0.05207597069497146,0.10415194138994292,False,-0.018489694222807884,False,-0.08473478282981917,0.036755236126787105,False
CVNA,2019-03-06,0.05460610496678875,0.05475416884936046,0.10950833769872093,False,0.007610752247273922,False,-0.06442847367879678,0.05603433068628072,False
CVNA,2019-05-06,-0.0019395870172659313,0.023387320822442745,0.04677464164488549,False,0.021950718015432358,False,-0.052566375528225184,0.054662133652739975,True
CVNA,2019-07-03,-0.008191649925161637,0.03773168837398735,0.0754633767479747,False,-0.01602165400981903,False,-0.05513778051678686,0.0489031528960342,False
CVNA,2019-09-03,-0.01897489883661385,0.06458515606801003,0.12917031213602007,False,0.01439540646970272,False,-0.04695330086344185,0.06478158144250412,False
CVNA,2019-10-30,-0.026095137713546324,0.02925240928557705,0.0585048185711541,False,0.04050321877002716,False,-0.06466393930897174,0.03701143756073777,True
CVNA,2019-12-31,-0.002492388845730553,0.029629096290736612,0.059258192581473225,False,0.010162918828427792,False,-0.049681907026258854,0.04875324234293443,False
CVNA,2020-03-02,-0.006633735706963573,0.05556787997728473,0.11113575995456947,False,0.016116231679916382,False,-0.0768526195388316,0.05756288659983544,False
CVNA,2020-04-29,0.023264320692089946,0.08856789932114288,0.17713579864228576,False,-0.0038629944901913404,False,-0.10791510642734681,0.05147565474872584,False
CVNA,2020-06-29,0.02521075909664039,0.06744907877061705,0.1348981575412341,False,-0.02022193931043148,False,-0.06417185924088953,0.03318796318610873,False
CVNA,2020-08-26,0.024096995914046015,0.07313151071191526,0.14626302142383052,False,0.008978590369224548,False,-0.050675810310679914,0.06185024384888749,False
CVNA,2020-10-26,-0.00621789632170866,0.04125677912248966,0.08251355824497932,False,0.031116144731640816,False,-0.06744130271987314,0.049294947408607515,False
CVNA,2020-12-23,-0.07381999162001884,0.03877926825425087,0.07755853650850174,False,0.014295107685029507,False,-0.0634165277200196,0.06340579757556308,False
CVNA,2021-02-25,-0.07468239973835011,0.037557481826826986,0.07511496365365397,False,0.013508145697414875,False,-0.0544332703084035,0.04184653628186297,False
CVNA,2021-04-26,0.05891869162514052,0.028413435666293337,0.056826871332586675,True,0.022383255884051323,False,-0.059423023106011,0.03188224316159505,True
CVNA,2021-06-24,-0.032472257903743085,0.023604961382752504,0.04720992276550501,False,-0.023148680105805397,False,-0.04935847197816168,0.04570255372489629,True
CVNA,2021-08-23,0.022358121047920454,0.01637568798276549,0.03275137596553098,False,0.004647078458219767,False,-0.020928373107389042,0.023586096641973642,False
CVNA,2021-10-20,-0.006257493975309503,0.013896518689197657,0.027793037378395315,False,0.009421270340681076,False,-0.023849105077370703,0.006396651407877041,False
CVNA,2021-12-20,-0.08041497779281048,0.042449262421651056,0.08489852484330211,False,0.009065352380275726,False,-0.038078388201207014,0.06952119226567932,False
CVNA,2022-02-17,-0.024455395363073507,0.06933998296688172,0.13867996593376344,False,-0.009846261702478043,False,-0.09768680667786644,0.10195935278112467,False
CVNA,2022-04-20,-0.09108775096852695,0.06160639617853991,0.12321279235707983,False,-0.007760003209114075,False,-0.10617964461505258,0.1454544960444586,True
CVNA,2022-06-17,0.13411211532863154,0.09528816319216678,0.19057632638433356,False,0.024439340457320213,False,-0.1745975934653704,0.5376705235883421,True
CVNA,2022-08-18,-0.035469593318052106,0.11081894715422527,0.22163789430845054,False,0.10275264084339142,False,-0.04154883477601701,0.19926143092664805,False
CVNA,2022-10-17,0.0630105256100364,0.0705577742168258,0.1411155484336516,False,-0.07717858999967575,False,0.007784491858923603,0.5012792394864569,True
CVNA,2022-12-15,0.03992389189757617,0.14054763155876637,0.28109526311753275,False,-0.09578573703765869,False,-0.5419462570097779,0.9354366142024944,True
CVNA,2023-02-15,0.18376867704825361,0.1234558145856013,0.2469116291712026,False,0.007890491746366024,False,-0.13253893095068958,0.4149955496682378,True
CVNA,2023-04-18,-0.02869759643287917,0.06744680867675655,0.1348936173535131,False,0.01036155316978693,False,-0.15079198518857506,0.3098042796660403,True
CVNA,2023-06-15,0.12735047359203389,0.15526883286559862,0.31053766573119723,False,-0.001103189541027061,False,-0.022410022709879907,0.18639004812285598,False
CVNA,2023-08-15,-0.043076241256148506,0.1129903437084622,0.2259806874169244,False,0.013735120184719563,False,-0.09123603751474663,0.12262872455756502,False
CVNA,2023-10-13,0.0,0.0427213711388896,0.0854427422777792,False,0.08600147068500519,True,-0.11258227798915788,0.1056787685972822,True
CVNA,2023-12-12,-0.008285210152836342,0.06091081600579437,0.12182163201158874,False,0.011249353177845478,False,-0.05918676818202029,0.1036080458458033,False
CVNA,2024-02-13,-0.059876964279306666,0.04701662010902826,0.09403324021805652,False,0.007392303552478552,False,-0.042170157722002055,0.09143973771885494,False
CVNA,2024-04-12,-0.06775231497810541,0.03242071684941534,0.06484143369883068,True,0.01455556321889162,False,-0.05688755261718048,0.04288641802449278,False
CVNA,2024-06-12,0.06674996814826617,0.023306529603673444,0.04661305920734689,True,-0.005471713375300169,False,-0.06809383195638896,0.060718884702951836,True
CVNA,2024-08-12,-0.017951768300362603,0.04749371417897486,0.09498742835794972,False,-0.01540581602603186,False,-0.060599505551581556,0.057494731531769316,False
CVNA,2024-10-10,0.007891809268748773,0.026413079172230652,0.052826158344461305,False,0.0383075550198555,False,-0.06871362194337038,0.0450346818941465,True
CVNA,2024-12-09,-0.02858168081290513,0.01909639040676538,0.03819278081353076,False,0.009285367093980312,False,-0.040800905711560365,0.06059873025143281,True
CVNA,2025-02-10,0.014162932372149495,0.029099330229533656,0.05819866045906731,False,0.0036576413549482822,False,-0.039472156949363124,0.059802426501131434,True
CVNA,2025-04-10,-0.07612054782193733,0.09457814432256592,0.18915628864513184,False,0.07902294397354126,False,-0.07550786703416557,0.07922427223066086,False
CVNA,2025-06-10,-0.004148234837024978,0.022630619646324478,0.045261239292648955,False,-0.0047973692417144775,False,-0.05211773431836941,0.03952186046699535,True
CVNA,2025-08-11,-0.006646305370923811,0.04471154776259647,0.08942309552519294,False,0.0002941411512438208,False,-0.05713803099238435,0.025306887429444425,False
CVNA,2025-10-08,-0.02538410174284622,0.02949985205990362,0.05899970411980724,False,-0.0012001857394351445,False,-0.045646366184171505,0.023527487227856136,False
CVNA,2025-12-08,0.12059431678160437,0.0314205563683824,0.0628411127367648,True,0.006291673053056002,False,-0.04711867127123781,0.03125461903554583,False
CVNA,2026-02-06,0.052073317669170116,0.04324033084723993,0.08648066169447986,False,-0.008707158267498016,False,-0.05536018710300439,0.035202908511589914,False
CVNA,2026-04-09,-0.03506389147754463,0.039788693277246365,0.07957738655449273,False,-0.014706535264849663,False,-0.0725969045794268,0.03422914146738343,False
CVNA,2026-06-08,0.0442037996930118,0.03432041687131306,0.06864083374262613,False,-0.0022505600936710835,False,-0.06510708969293033,0.03413130152006305,False
CVNA,2026-08-07,0.03672815731245249,0.040554284799731014,0.08110856959946203,False,0.012460723519325256,False,-0.05807561518555482,0.0376057498442639,False
PLUG,2011-03-14,-0.04615387549767125,0.018412509537276002,0.036825019074552004,True,0.0040301112458109856,False,-0.04121384253868687,0.03901430276724005,True
PLUG,2011-07-06,-0.008771921569070362,0.039771521264161884,0.07954304252832377,False,-0.021082643419504166,False,-0.02765394128398657,0.03984079076332958,False
PLUG,2011-10-26,-0.06451617510690377,0.047562888588123235,0.09512577717624647,False,0.01854556053876877,False,-0.03593835836178971,0.09483873236032192,False
PLUG,2012-02-21,0.00865800061555344,0.04165031631670397,0.08330063263340794,False,0.0023435023613274097,False,-0.03895883532830857,0.04088692952160855,False
PLUG,2012-06-13,0.008547000709448138,0.019676800915101964,0.03935360183020393,False,0.00890850555151701,False,-0.03239487090295745,0.0524664555745169,True
PLUG,2012-10-04,0.011904821881092875,0.03733804099960885,0.0746760819992177,False,-0.01162934210151445,False,-0.05086412191250589,0.07451567144527993,False
PLUG,2013-01-31,-0.021739174096029212,0.06419680820791111,0.12839361641582223,False,0.003934513311833143,False,-0.07954958843965332,0.18886852180937175,True
PLUG,2013-05-24,0.17857147038591115,0.13811368407582889,0.27622736815165777,False,0.017600765451788902,False,0.020652477142417025,0.22294212569959626,False
PLUG,2013-09-17,-0.0483871463930442,0.08398208141133602,0.16796416282267204,False,0.09479282051324844,False,-0.06508058067229039,0.1135377144541454,False
PLUG,2014-01-09,-0.27032971558917895,0.15104331200212356,0.30208662400424713,False,0.025434819981455803,False,-0.145612280893335,0.3753529904814923,True
PLUG,2014-05-05,-0.09777779049343538,0.04971727618230869,0.09943455236461737,False,0.21619898080825806,True,-0.13970539304945206,0.036009152730305916,True
PLUG,2014-08-26,-0.04326126771715766,0.027199906148992634,0.05439981229798527,False,0.03227457404136658,False,-0.0292625669991885,0.05492925831434192,True
PLUG,2014-12-17,0.07692309035889422,0.038411055504886514,0.07682211100977303,True,-0.03518099710345268,False,-0.08416830779576345,0.054862996650786755,True
PLUG,2015-04-14,0.03088809450802321,0.025147393265659776,0.05029478653131955,False,-0.004810553044080734,False,-0.04352124185337958,0.021223948972162843,False
PLUG,2015-08-05,0.022058802260453758,0.0409853760217687,0.0819707520435374,False,0.005825236905366182,False,-0.04092945729007291,0.056337871379664506,False
PLUG,2015-11-25,0.06701024339586703,0.06675012026831086,0.1335002405366217,False,0.00591523852199316,False,-0.02275342726697349,0.05185345860549706,False
PLUG,2016-03-22,0.004830913423070182,0.03521912483118391,0.07043824966236782,False,0.023042522370815277,False,-0.04010747725607622,0.06636939976911416,False
PLUG,2016-07-14,-0.0057471209243954435,0.029143308542720292,0.058286617085440584,False,0.01257401704788208,False,-0.03610383485320612,0.024224834747835988,False
PLUG,2016-11-03,0.0,0.02217100654108723,0.04434201308217446,False,-0.002608224516734592,False,-0.04547036924271497,0.025041360790132083,True
PLUG,2017-03-01,-0.009259250061012025,0.09759833129460448,0.19519666258920895,False,0.026102636009454727,False,-0.05540395004380394,0.07152016231889435,False
PLUG,2017-06-22,0.02790694889215195,0.04070945399621481,0.08141890799242962,False,-0.004692312330007553,False,-0.04089055877993586,0.05777924303546067,False
PLUG,2017-10-13,-0.0243902216146471,0.049601313111007454,0.09920262622201491,False,0.010171584784984589,False,-0.053937345920948676,0.03782681207265348,False
PLUG,2018-02-07,0.07608694736696164,0.023916738378498,0.047833476756996,True,0.008251143619418144,False,-0.035574837225872846,0.04187213261981393,False
PLUG,2018-06-01,0.010695176938777973,0.03809328354335065,0.0761865670867013,False,-0.005583430640399567,False,-0.03417500828887077,0.04118056210303522,False
PLUG,2018-09-24,-0.01052630588288439,0.026382686324578807,0.052765372649157614,False,0.05044771358370781,False,-0.01970008824624625,0.025466869071494536,False
PLUG,2019-01-18,-0.014285700905079524,0.08718530148470788,0.17437060296941576,False,0.014905472286045551,False,-0.06698565937767131,0.04113427300341255,False
PLUG,2019-05-14,0.02242150308907087,0.024783115693433517,0.049566231386867034,False,0.0010537570342421532,False,-0.02728534897530266,0.04378391450801633,False
PLUG,2019-09-05,0.009302316297383761,0.025333573815937864,0.05066714763187573,False,-0.0007081822259350501,False,-0.016402864837519626,0.02161946311686913,False
PLUG,2019-12-27,-0.022222276045109846,0.04033524238982985,0.0806704847796597,False,0.03420797735452652,False,-0.03386875837208725,0.04987550009241537,False
PLUG,2020-04-22,0.026066383645343416,0.04720567055475499,0.09441134110950998,False,-0.00798189640045166,False,-0.09395342204689483,0.025025477455827394,False
PLUG,2020-08-13,0.0686735215782941,0.06566763920695706,0.13133527841391412,False,-0.014768106862902641,False,-0.1057897540211098,0.0787848915381637,False
PLUG,2020-12-04,0.041928720503373595,0.059839078888631256,0.11967815777726251,False,0.008241022005677223,False,-0.10170158687405073,0.06059722483577401,False
PLUG,2021-03-31,0.05287894208720423,0.07179788924182746,0.14359577848365493,False,-0.028610795736312866,False,-0.05881906658260283,0.13551857356325203,False
PLUG,2021-07-23,-0.019026727377068897,0.03402720673849271,0.06805441347698542,False,0.002203655429184437,False,-0.055648170177093004,0.05932042696414519,False
PLUG,2021-11-12,-0.006906060003328052,0.04181311248694449,0.08362622497388898,False,0.03835103288292885,False,-0.06561209252046196,0.0762769993681689,False
PLUG,2022-03-09,0.0238467792091841,0.05867956668609964,0.11735913337219928,False,0.01948024146258831,False,-0.06770095964690026,0.06349651603160855,False
PLUG,2022-07-01,0.036813555919503305,0.05561236367308762,0.11122472734617524,False,0.05062819644808769,False,-0.09294836967156772,0.1019485345070108,False
PLUG,2022-10-24,-0.04608855302793624,0.0457239788797915,0.091447957759583,False,-0.014632513746619225,False,-0.09291026126975288,0.08518052551908739,True
PLUG,2023-02-16,-0.055456188419198194,0.047399479470258035,0.09479895894051607,False,0.008271446451544762,False,-0.05867860664603497,0.09233261793544578,False
PLUG,2023-06-12,0.13086148301866962,0.05189204293227906,0.10378408586455812,True,-0.013678478077054024,False,-0.04379289064402847,0.08044944787769537,False
PLUG,2023-10-04,0.0,0.03614889039015971,0.07229778078031943,False,0.0350535586476326,False,-0.07080724877163325,0.06921973889624833,False
PLUG,2024-01-29,0.11470583986658633,0.09453696352985061,0.18907392705970122,False,-0.011240596882998943,False,-0.07818656589882345,0.16844089820971475,False
PLUG,2024-05-21,-0.03750003818422498,0.07122952561961843,0.14245905123923686,False,-0.031609103083610535,False,0.008422955745116534,0.13980977028891783,False
PLUG,2024-09-13,0.010309268214748979,0.048312305840706386,0.09662461168141277,False,-0.02619647979736328,False,-0.049586638728270405,0.08216395578195756,False
PLUG,2025-01-07,-0.06349207670750479,0.07727217591441528,0.15454435182883056,False,-0.021434584632515907,False,-0.09621415528148614,0.09351222951034566,False
PLUG,2025-05-02,-0.01176476445577379,0.08778641733338752,0.17557283466677504,False,-0.013971764594316483,False,-0.11033941408215087,0.10225225610586453,False
PLUG,2025-08-26,-0.01197603679070025,0.04958570119885275,0.0991714023977055,False,0.011722489260137081,False,-0.0853030289510831,0.09279658219105968,False
PLUG,2025-12-17,-0.05676850575890213,0.04419982613522404,0.08839965227044808,False,-0.035691048949956894,False,-0.061318448517619584,0.09561470141039674,True
PLUG,2026-04-14,0.06137186912076564,0.04490318733471823,0.08980637466943646,False,0.021923761814832687,False,-0.04937803736234336,0.08357165149710521,False
PLUG,2026-08-07,0.053140162831832205,0.040527859797909585,0.08105571959581917,False,0.024157606065273285,False,-0.052627678048293935,0.0737561143713541,False
RKLB,2022-02-03,-0.041401309996187186,0.04571322242151014,0.09142644484302027,False,-0.032608967274427414,False,-0.06447314151453587,0.05184444863350235,False
RKLB,2022-03-09,0.03760278333932132,0.05392792994001902,0.10785585988003804,False,-0.011831268668174744,False,-0.033288836004106925,0.05259138295323451,False
RKLB,2022-04-11,0.0038461195176413554,0.043598017861847936,0.08719603572369587,False,-0.013783182948827744,False,-0.031661008402970925,0.05043861070196165,False
RKLB,2022-05-13,0.12909442560830509,0.04294535380183142,0.08589070760366284,True,0.043871376663446426,False,-0.09141611354935064,0.12098378395363052,True
RKLB,2022-06-16,-0.04387992160929133,0.05643778493520061,0.11287556987040122,False,-0.0026774154976010323,False,-0.06829927049419715,0.1534630491941782,True
RKLB,2022-07-21,-0.0022882728390274387,0.033323929391189895,0.06664785878237979,False,-0.018567422404885292,False,-0.042863406118835656,0.11155480124837491,True
RKLB,2022-08-23,-0.02550088749039814,0.0647552115941031,0.1295104231882062,False,-0.013991223648190498,False,-0.050675111114353744,0.10929716110773535,False
RKLB,2022-09-26,0.026699062274240237,0.046174360651818944,0.09234872130363789,False,-0.013336497358977795,False,-0.11345391449753972,0.08436464803282684,True
RKLB,2022-10-27,0.021321941026122948,0.04282075928346491,0.08564151856692982,False,-0.01049468107521534,False,-0.05928346524980621,0.08959739592012439,True
RKLB,2022-11-30,0.05808081233784823,0.05381339506408442,0.10762679012816884,False,0.023951498791575432,False,-0.06721164176236127,0.08430372503739436,False
RKLB,2023-01-04,0.043927669592007224,0.026421841240946445,0.05284368248189289,False,-0.02861875481903553,False,-0.03711456586008488,0.09718988888338531,True
RKLB,2023-02-07,-0.004065036710645509,0.043564360414734486,0.08712872082946897,False,0.04708398878574371,False,-0.04901614539578836,0.0821338423731448,False
RKLB,2023-03-13,0.007672626785478975,0.03824755907148581,0.07649511814297162,False,-0.03118315525352955,False,-0.041527088648843025,0.08412303642334562,True
RKLB,2023-04-14,-0.02189784663362837,0.027625746870957032,0.055251493741914064,False,0.02664928138256073,False,-0.03296963382736062,0.05579771895497254,True
RKLB,2023-05-17,0.051401817618486056,0.024279305173387486,0.04855861034677497,True,0.026720810681581497,False,-0.01598763610330034,0.04931086450015498,True
RKLB,2023-06-21,0.015490559978359242,0.04289352760106799,0.08578705520213598,False,-0.014104887843132019,False,-0.04344807272021156,0.05396360427505442,False
RKLB,2023-07-25,0.031123142520822045,0.05016359551229228,0.10032719102458457,False,0.003376095788553357,False,-0.05565380150526977,0.05467573685376381,False
RKLB,2023-08-28,0.02417959713436524,0.030215452082397832,0.060430904164795664,False,-0.006308423820883147,False,-0.058564744850940986,0.051973603480664154,False
RKLB,2023-09-29,0.009216580748085068,0.03427840813838854,0.06855681627677708,False,0.0008661381434649229,False,-0.03835594464294345,0.03216749948360964,False
RKLB,2023-11-01,0.0023640075649142833,0.03420692847125702,0.06841385694251403,False,-0.005925352219492197,False,-0.03201809320824944,0.04715141653889954,False
RKLB,2023-12-05,-0.028384304935910154,0.026046994446832235,0.05209398889366447,False,0.013632839545607567,False,-0.031721956873097645,0.07419711240738636,True
RKLB,2024-01-09,-0.018018086132081,0.06877145284104251,0.13754290568208502,False,-0.0071739088743925095,False,-0.05119323554534794,0.05729829745942894,False
RKLB,2024-02-12,0.08755751710680704,0.04592328209021688,0.09184656418043376,False,0.014448086731135845,False,-0.03626467317977855,0.04975279180455394,False
RKLB,2024-03-15,-0.011990453194260065,0.02552703571242195,0.0510540714248439,False,0.002025617053732276,False,-0.02821446556961338,0.05555049876937135,True
RKLB,2024-04-18,-0.005602235658404231,0.02262885606392045,0.0452577121278409,False,-0.002514307852834463,False,-0.020747893050899746,0.055913832718976986,True
RKLB,2024-05-21,0.013636350336153846,0.031774965234226016,0.06354993046845203,False,0.016321776434779167,False,-0.047887020807114045,0.03851543689824366,False
RKLB,2024-06-25,-0.01863357225869966,0.03984110780776544,0.07968221561553088,False,0.04164833575487137,False,-0.04740709178296032,0.0360247023371143,False
RKLB,2024-07-29,-0.014814800424667651,0.030457644969115658,0.060915289938231316,False,-0.006427905987948179,False,-0.043115173567398024,0.04927714578704223,False
RKLB,2024-08-29,0.022988483247591285,0.06561047274435983,0.13122094548871965,False,-0.004294991493225098,False,-0.0925073459541973,0.09846170300859969,False
RKLB,2024-10-02,0.05200439000177304,0.05351404254153751,0.10702808508307501,False,-0.027576331049203873,False,-0.14552667829123045,0.07328186729233765,True
RKLB,2024-11-04,-0.014886171204747667,0.03942298244955552,0.07884596489911104,False,-0.015224338509142399,False,-0.08086974429002103,0.08727957137767883,True
RKLB,2024-12-06,0.03177258471813471,0.08153463152818496,0.16306926305636993,False,0.012580705806612968,False,-0.06452316403939762,0.11602269330224813,False
RKLB,2025-01-13,-0.11148272081051336,0.06011651006068959,0.12023302012137918,False,0.016969498246908188,False,-0.09396672523618588,0.07381106120455705,False
RKLB,2025-02-18,-0.009992886583552019,0.08063230984712824,0.16126461969425648,False,-0.012768513523042202,False,-0.059432083890664456,0.07375122102303866,False
RKLB,2025-03-21,0.022126272650793588,0.058622855523806944,0.11724571104761389,False,0.0006369012407958508,False,-0.07032434292459633,0.07260410309481458,False
RKLB,2025-04-24,0.07836363595343543,0.06952664199103555,0.1390532839820711,False,-0.035018470138311386,False,-0.0920588497400403,0.05291317644130311,False
RKLB,2025-05-28,0.005910990088352719,0.05043827248811738,0.10087654497623476,False,-0.0014722649939358234,False,-0.10493773163326414,0.0680105073951871,True
RKLB,2025-07-01,-0.04025715986247469,0.05114413122824837,0.10228826245649673,False,0.033797137439250946,False,-0.051663819063269445,0.1014377793236585,False
RKLB,2025-08-04,-0.006025450780829611,0.048969852480011775,0.09793970496002355,False,0.06441229581832886,False,-0.05050187401998851,0.07185455830770127,False
RKLB,2025-09-05,0.06629444900786363,0.04462005694191674,0.08924011388383347,False,-0.010921097360551246,False,-0.05907385471904836,0.039661403260159656,False
RKLB,2025-10-08,0.06177856187211539,0.05523438306936648,0.11046876613873297,False,0.032032981514930725,False,-0.08229978559924767,0.08843703891915378,False
RKLB,2025-11-10,0.005034898127488807,0.04797030528253437,0.09594061056506874,False,-0.0057749138213694096,False,-0.059406154161639746,0.09931450687133059,True
RKLB,2025-12-12,-0.03211076877109709,0.056224237571747195,0.11244847514349439,False,0.018756398931145668,False,-0.11383091685797209,0.06506205593272196,True
RKLB,2026-01-16,0.06104011442410262,0.06186587676375439,0.12373175352750879,False,-0.002333954442292452,False,-0.09198749673737494,0.08022069426984224,False
RKLB,2026-02-20,-0.07469314552018658,0.06405716279916497,0.12811432559832994,False,0.02937905676662922,False,-0.08282286395389127,0.057458764109846516,False
RKLB,2026-03-25,0.10307246238911705,0.04810181094353343,0.09620362188706685,True,-0.009863969869911782,False,-0.06897552369667781,0.06823533269968673,False
RKLB,2026-04-28,-0.044962991086059945,0.051301883780799966,0.10260376756159993,False,0.025722196325659752,False,-0.08685762867591673,0.05306392642626978,False
RKLB,2026-06-01,-0.1469891062579861,0.09137856182983436,0.18275712365966873,False,0.031175978481769562,False,-0.08053265384147046,0.06948502648859067,False
RKLB,2026-07-06,-0.07336256035981947,0.06877967073332981,0.13755934146665963,False,-0.03041704185307026,False,-0.07754877864753751,0.08577889504099234,False
RKLB,2026-08-07,0.09462143300338832,0.05709651059613125,0.1141930211922625,False,0.028352629393339157,False,-0.08177759351528668,0.0847025141008193,False
IONQ,2022-03-14,-0.0746147673955071,0.06469969242724341,0.12939938485448682,False,0.014458699151873589,False,-0.04529063553692192,0.06945788758275806,False
IONQ,2022-04-13,0.03457689921337059,0.046408487905591864,0.09281697581118373,False,-0.05533457174897194,False,-0.04542492309427837,0.07893854918278187,False
IONQ,2022-05-17,0.17489709491384509,0.07330151429184993,0.14660302858369986,True,0.02717365324497223,False,-0.12910699293447048,0.1421342622304067,False
IONQ,2022-06-17,0.05882347048478298,0.05977286749320768,0.11954573498641537,False,0.030309760943055153,False,-0.06470058835291237,0.15995241245530645,True
IONQ,2022-07-22,-0.07224336462086012,0.043900066246408125,0.08780013249281625,False,0.009964538738131523,False,-0.03916636902117843,0.15084788170087626,True
IONQ,2022-08-23,0.0015575937579195287,0.09216170687759412,0.18432341375518824,False,-0.07659272849559784,False,-0.05883643119031923,0.10147064896496638,False
IONQ,2022-09-26,0.004192868135531658,0.041099788724507515,0.08219957744901503,False,0.013526314869523048,False,-0.06628946214867626,0.08968677196737307,True
IONQ,2022-10-26,0.02407409484167289,0.048795581129599,0.097591162259198,False,0.016970578581094742,False,-0.05435563803857102,0.06237321319627376,False
IONQ,2022-11-29,-0.02226723324701685,0.06283105161705635,0.1256621032341127,False,-0.01105946395546209,False,-0.045823181640881616,0.08759324748398423,False
IONQ,2022-12-30,-0.02542370484156764,0.04960385506670312,0.09920771013340624,False,0.008809909224510193,False,-0.12596273288578896,0.1471862970469231,True
IONQ,2023-02-03,0.001821535391393958,0.04721467967394179,0.09442935934788357,False,0.02762763202190399,False,-0.052378870328428806,0.17866368161381851,True
IONQ,2023-03-08,0.024291474528160384,0.050928517658007315,0.10185703531601463,False,0.018562234938144684,False,-0.038285969279139076,0.08894055375465348,False
IONQ,2023-04-11,-0.010218933693251442,0.06778189076161632,0.13556378152323265,False,0.0057350704446434975,False,-0.05625474270249442,0.05794922011367376,False
IONQ,2023-05-11,0.010071967421935613,0.039629579993142344,0.07925915998628469,False,0.01209545973688364,False,-0.05118232977290338,0.06171384473056496,False
IONQ,2023-06-14,-0.06491067983341292,0.08296596924587071,0.16593193849174143,False,0.005583464168012142,False,-0.047553628030954975,0.06757226550041473,False
IONQ,2023-07-18,0.05436244566136428,0.0679619461219303,0.1359238922438606,False,0.007710265927016735,False,-0.06447312180879117,0.058578774332616934,False
IONQ,2023-08-18,0.031514207547969075,0.07116897382055766,0.14233794764111532,False,-0.013903255574405193,False,-0.06896010797264385,0.08947106921622927,False
IONQ,2023-09-21,-0.08581084063490219,0.059919078855375486,0.11983815771075097,False,-0.007654472254216782,False,-0.08985938136823268,0.07184189626536641,False
IONQ,2023-10-23,0.003971420979259177,0.049814434430177496,0.09962886886035499,False,-0.02259964682161808,False,-0.07229063326700791,0.08304268612859134,False
IONQ,2023-11-24,-0.004830951630283797,0.049886975749756875,0.09977395149951375,False,-0.003797380020841956,False,-0.07478165695766825,0.07113542681993246,False
IONQ,2023-12-27,-0.02292902434324151,0.045426429006381185,0.09085285801276237,False,0.0021808193996548653,False,-0.06247398909820501,0.06639928987945609,False
IONQ,2024-01-31,-0.03928897465911496,0.03418987610629611,0.06837975221259222,False,0.014463820494711399,False,-0.04295638335996155,0.059005143685895156,False
IONQ,2024-03-04,-0.05347089146184136,0.0422205099519329,0.0844410199038658,False,0.0006183393415994942,False,-0.05748768543419025,0.046026595525782366,False
IONQ,2024-04-05,0.00986843790759262,0.0434528590918706,0.0869057181837412,False,-0.01644785702228546,False,-0.05986314145970517,0.04845470773698635,False
IONQ,2024-05-07,-0.0700430643570894,0.04083076069930954,0.08166152139861908,False,-0.027423439547419548,False,-0.044323145563281874,0.06788239592180889,False
IONQ,2024-06-10,0.04580154292611183,0.028386227857298874,0.05677245571459775,False,-0.042125146836042404,False,-0.03781215467602217,0.05298783064273227,False
IONQ,2024-07-12,0.05361587617930974,0.03552344413542016,0.07104688827084032,False,0.011527588590979576,False,-0.027982015748705624,0.06575191626692423,False
IONQ,2024-08-14,0.004120842322335783,0.06197994505083315,0.1239598901016663,False,0.04140663146972656,False,-0.04977007345191509,0.06982225436942979,False
IONQ,2024-09-16,0.007731951161061623,0.03813811285707957,0.07627622571415914,False,-0.004362574778497219,False,-0.026415364479319692,0.07297341141336733,False
IONQ,2024-10-17,0.016260146842582035,0.07787834750419476,0.1557566950083895,False,0.0044542294926941395,False,-0.11078601758404838,0.0842555738580042,False
IONQ,2024-11-18,-0.13417981912522214,0.09984342991220516,0.1996868598244103,False,0.006856635678559542,False,-0.12094528043130959,0.13458747072213217,False
IONQ,2024-12-20,0.17637712244320047,0.09577982732113884,0.19155965464227767,False,-0.0065267449244857945,False,-0.10393939237810113,0.11581647708852927,False
IONQ,2025-01-27,-0.05446510052560649,0.13923275401133697,0.27846550802267395,False,0.04101824015378952,False,-0.11813769766164472,0.1199365764438316,False
IONQ,2025-02-28,-0.013649143101990502,0.04944144882669445,0.0988828976533889,False,0.05634046718478203,False,-0.13976309673174925,0.09330449416057296,True
IONQ,2025-04-02,0.0802069279934372,0.08503567131142828,0.17007134262285656,False,0.006558982655405998,False,-0.11744307707719848,0.07412471493610218,False
IONQ,2025-05-05,-0.03557569142158856,0.07770944110249785,0.1554188822049957,False,0.005006123334169388,False,-0.12138552962697824,0.0489163983558063,False
IONQ,2025-06-06,0.06437535788801041,0.09486143944245984,0.18972287888491968,False,0.07449713349342346,False,-0.0870373235767542,0.05761909821014122,False
IONQ,2025-07-10,0.008121135222389997,0.04427500670100928,0.08855001340201855,False,-0.01873409003019333,False,-0.09201466498192579,0.052764479040558365,True
IONQ,2025-08-12,-0.043168640097732136,0.03859463581045026,0.07718927162090052,False,-0.03768208250403404,False,-0.10868976010103248,0.0522145829242977,True
IONQ,2025-09-12,0.1819341447841818,0.040890430698176314,0.08178086139635263,True,-0.03248680755496025,False,-0.0902156864732292,0.058460783816926876,True
IONQ,2025-10-15,-0.06627980899263075,0.06357033762039307,0.12714067524078615,False,0.13516390323638916,True,-0.06890262846650452,0.08723412963024546,False
IONQ,2025-11-14,0.03920702025268086,0.05617280289421842,0.11234560578843684,False,-0.03648177906870842,False,-0.06316583900062334,0.11455552308488337,True
IONQ,2025-12-18,0.012868051738778252,0.06660249502054455,0.1332049900410891,False,0.07569921016693115,False,-0.08911557426546057,0.09148052024984499,False
IONQ,2026-01-22,0.02069108135968345,0.04750481702908426,0.09500963405816852,False,-0.024496234953403473,False,-0.07845915598346254,0.06533700832398015,False
IONQ,2026-02-25,0.0623023169218313,0.06366459908347025,0.1273291981669405,False,-0.00849925819784414,False,-0.10219033227616836,0.04985327832625286,False
IONQ,2026-03-27,-0.07808310696352261,0.027083902581415287,0.054167805162830575,True,-0.006898132618516795,False,-0.06402689361558511,0.08316640836922073,True
IONQ,2026-04-30,0.07147941766577137,0.07193331180483434,0.14386662360966868,False,-0.014940786175429821,False,-0.08254747490778958,0.05116495471824867,False
IONQ,2026-06-02,0.030600502077600567,0.06731513308990131,0.13463026617980262,False,-0.015405780635774136,False,-0.08263191650658297,0.055002341237450736,False
IONQ,2026-07-07,-0.07182317164412988,0.0609332640733668,0.1218665281467336,False,0.007638033479452133,False,-0.07211666994640609,0.06809847523729062,False
IONQ,2026-08-07,0.11858003372914494,0.05682036785481246,0.11364073570962492,True,-0.03119109570980072,False,-0.055491262307488354,0.06404158135139393,False
